author_name,author_age,gold_comment,comment_num,funny_num,author_sex,author_content
['辣过小火鸡'],21,,7,411,,农村人，在外打工好几年，因为家里要求，所以回家学装水管~当然这不是重点。平常喜欢打游戏，所以买了台电脑，没舍得卖（其实我嫌人家出价低，人家嫌我电脑二手），所以就带回来了。回到家去牵网线，跟人家工作人员扯了半天，他们系统也入了。报装，和网络的费用也交了。因为农村的地址说不了那么详细，装网线的师傅打电话过来问详细。(我家地理位置也比较特殊，正好在两个村的交界处，上下500米以内就我一户人，我家也刚刚好比较隐蔽，大马路是从山腰过的，而我在下面一点，路边是一块大空地，有一条20来米斜坡通我家)   下村已经成一条建材街，上村家具快递饭馆之类。我家属于上村的。巴啦啦给他扯了详细地址，他说:“等等！是那个没房屋那一段路吗？”我说:“是啊。”“你牵网线给鬼用啊！？”“不是！(巴拉巴拉解释半天)”“哦，你等等，好像你这一片刚好没覆盖光纤网络，铜揽现在也不用了，统一光纤。没办法装~”“啊！为毛？”“因为这一段没开发没什么人家所以没装光纤盒。”“哦”我就挂电话了~后来工作人员，把钱给我退了。然后我家就成了全村唯一没通网一户人家[中毒了][中毒了]~
['名字保密哦'],48,万一这个是卖酒的呢？不尴尬么？,96,2276,,茶叶多少钱
['※面逼思过※'],23,,5,282,,说的好有道理，我居然无言以对
['记忆中的女人'],28,,,176,,爱P图的妹子，能不能照顾一下身边的人[惊讶][惊讶][惊讶]
['简cc'],23,,14,170,,求手机心里阴影面积         咳咳！！
['林晓九'],23,九子好手法[流鼻血],61,3651,,门口有个小超市，前几天去看猕猴桃 一捏有点硬就没买、第二天过去一捏还是硬 又没买、一连去了几天，今天去捏一下终于软了，正挑着老板来了“姑娘 这猕猴桃没熟呢，先别买！”我：可我今天一捏都软了 ？老板“那不是熟软的，那是你捏软的！
['吃了两碗又盛'],39,一个村都是贫苦户……,20,1366,,刚认识一个种地的哥们，他跟我吹他们村大。这个我就不服气了，我也是农村出来的，我们村六七百户人家，跟南方某些村可能没法比，但在黑龙江，这也不小了。那哥们：你不信？我们村光贫睏户就三百多户！这个我服了。
['放屁成个调'],29,,,239,,新疆朋友给我发来一个链接，点进去一看，全是烤串，给我馋的，想马上去他那吃烤肉啊啊啊啊啊！
['偶尔～冒泡'],100,,,212,,出门前摸了一下口袋确认带了钱包，然后就出去吃到东西了。吃完东西，突然就想不给钱假装要吃霸王餐逗一下老板，于是我没给钱就走了出去。果然老板拼了老命一样追了出来，我放慢速度让老板抓住了，然后忍不住在笑：“我在逗你呢老板。”老板强作微笑。然后我想付钱，把手伸进了装钱包的口袋里，摸出了一包纸巾……老板，你听我解释啊……呀……别打脸……
['为何这样冷漠'],26,,27,3150,,今天去楼下修电脑，然后我说这个显卡你这换的花了450然后老板说怎么可能这旧显卡最多也就120。。。卧槽，尼玛坑我那么多还敢说出来。
['我是煮茶'],33,越没本事越啃老，心眼多的不得了，眼睛里全都是嫉妒的小火苗！,16,2169,,我堂弟凭自己本事买了新车，性能比我堂哥的车好，堂哥嫉妒，受不了。堂哥跟我大伯说：“爸，我弟的车比我的好，我做哥哥的脸往哪搁？要不是差把铁锤，我早就把我自己的破车砸了！爸，你看看能不能帮帮我……”我大伯：“这个忙我必须得帮！小事，你等会！”在我堂哥期盼的目光中，我大伯取了一把大铁锤过来...
['雪上亦生花'],29,问题是昨天才和小姨子开完房,26,1403,,和老婆刚确定恋人关系那会儿，偶然发现她小臂上有个红色的点点，于是问她是什么？她答是守宫砂。用尽混身解数，终抱美人归，而守宫砂确实消失无踪，当时心中暗自窃喜！可在昨天，我发现小姨子去相亲前，老岳母郑重的在她小臂上点了个红点点！！
['我是煮茶'],33,,8,141,,那年，我走在乡间小路上，突然一根木棍飞了过来，正中我的头。我眼冒金星，晕乎乎地捡起木棍，正准备找扔棍的人算账，迎面一条大狗又扑过来...一番撕咬抢走了木棍...在防疫站打完疫苗，医生说：“你被狗咬我能理解，为什么头上肿个包那么高？” 我：“不说了，你看到棍别捡！”
,,,1,245,,双11给自己囤了很多很多很多很多很多狗粮
['晶晶姑娘的至尊宝'],36,,,135,,小强，你是在用屁股瞪人么？
['鱼歌浅唱'],79,,17,1125,,清晨在单位走廊遇到一逗比男同事，大老远就夸张地弯腰鞠躬……“美女们，早上好！”“幅度不够90！差评！”“到底是度数不够还是个数不够啊？要不再给你们鞠两个？”
['鱼歌浅唱'],79,本来就平胸，按完凹进去了，，,27,1719,,未婚小女同事挨剋后回办公室委屈不已，直呼要被气死……“别气死啊，还得做人工呼吸，多麻烦！”低头敲字的闷骚男慢条斯理娓娓道来“关键还会被按胸……”
['一鸣听名字一'],48,,,240,,这哥们可能做梦都没想到。光天化日之下竟然被猪给撞了！！！
['放屁成个调'],29,,1,195,,我有个哥们很逗，还带有点山东口音，我唱歌唱了一会儿，他就喊，“别唱了，烦死了！”别说了，让我再笑会儿。
['/七分醉'],23,,2,289,,今天去找大师算了下，大师说我30岁之前都会过穷苦潦倒的生活！瞬间就觉得不高兴了！不过值得庆幸的是只有30年！这时我问30年后呢？只见大师低下头说说:30年后你就习惯了！！！习惯了！！（转）
['<落落倾城>'],25,怪不得，要马云才行呢……,48,1534,,这不是双11快到了嘛，楼主这几天购物进入了疯狂状态，看啥都想买，啥也买不起。昨晚看着购物车里的衣服、鞋子、包包、香水、化妆品等，楼主感叹:为什么我就没有一个能帮我清空购物车的男人呢！！夜里做梦我梦到了王思聪[哀怨][哀怨]
['蜜mora'],31,给他买点乐高积木试试,73,1483,,不到两岁的崽子，拆东西拆到我怀疑人生。我经常忍不住对比养他跟养二哈哪个更崩溃……最过分的是今天，我做个早餐十分钟不到，这货爬餐桌，把墙上的闹钟拆的一塌糊涂。怎么管都没用，除非给他看动画，但看了两天有点上瘾，赶紧把IPAd藏起来。他又开始在家拆拆拆。告诉我吧，我不是一个人在抓狂[生气了][生气了]……
['安庭驿'],36,,1,198,,休息，早上五点半起来洗衣服。（家是七楼，总停水。）按照老规矩……哥！哥！哥！洗完了做早饭，跟媳妇说:“嫁给我是不是你感觉老有福了！”媳妇说了句:“其实你也是为了自己！”？？？？？？“以后可以少下两层。”……靠！！！
['小美人°'],26,,5,85,,跟老公聊天，说起第一次受伤，拉羊毛衫的机器直接撞到手，针都撞断好多针，指甲都碎了！老公赶紧拿起我至今都有疤的手问道：当时肯定很疼吧，如果我当时在你身边就好了！我大笑道：一点都不疼，我当场就吓晕过去了……
['穿越某时空'],23,,16,342,,我村一年一度的人过火海！真实的请勿乱喷…
,,你女朋友的室友的男朋友都在本地每次都是共同招待你吃亏不小啊,75,3126,,刚毕业跟女票异地，第一次去她的城市，她和几个小姐妹一起合租，听说当天晚上给我们腾地方都出去嗨了。我看过她室友们的照片，还都挺好看的，她一脸坏笑的说待会儿介绍给我认识认识，但是别多想，室友都有男朋友还都在本地。好久不见正准备跃跃欲试呢，结果她几个室友进来了，说每次有姐妹的男友来她们都是一起招待的，叫我别客气。我一时没反应过来，当晚精力不错就照单全收了，日后发觉好像哪里不对劲。
['无奈的无名'],102,,15,1222,,和老婆异 地，晚上聊天的时候忍不住发了几张擎天柱照片过去。过了好一会，老婆哀怨地发过来一段话：世 界上最遥 远的距 离，不是 生与 死，而是你那么大的把 柄在我面前，我去抓不住……明天就请假回来，媳妇，等我！
,,,3,244,,女友之前是双，和女人睡过，现在异地，就很担心她乱搞，当我听说她合租的室友是一对Gay的时候还挺放心，结果还是低估她了，她居然活活把一对基给撸直了……
['沉睡街角'],24,,1,254,,小皮一下！
,,不就是绝食么，多大点事，这样的老人你还怕她会真把自己饿死。,42,399,,家庭琐事真是烦死了，没脸留名，前几天姑姑到我家来借钱，说表哥结婚，女方要车要房，房子目前已经搞定，车子还差十万块钱，说要向我家借十万块钱买车子，我跟我女朋友也打算今年  年底结婚，于是就温婉的拒绝了姑姑，没想到姑姑连饭都没吃，气冲冲的就回去了，姑姑一回去就惨了，奶奶一哭，二闹，三上吊，说表哥年纪大了，不能耽误，而我年纪还小，晚几年结婚没事，非要逼着我们把钱借给姑姑，我们试着说服奶奶，没想到她既然绝食，不吃饭两天了，没办法，刚才我爸把钱给取了出来，明天打算带着奶奶把钱送到姑姑家里……，压力好大哦，房子车子我一样都没有，现在又被逼借出去十万块钱，哎……
['胥絮儿'],34,狗才换毛吧,12,1013,,头发很长，掉的很厉害，上个月剪短了，家里还有很多头发，很是烦恼，在纠结要不要再剪短点。我家老公说：剪再短，也是掉，因为你到了换毛的季节了。换毛～的季节～了～～
['我是煮茶'],33,楼主一拍大腿，早知道不让娃上幼儿园了，让他也来吃,30,2388,,去4 s 店保养汽车，有免费的盒饭吃。我带老婆和妈妈一起去，蹭了三个盒饭，真是有点不好意思。直到我看到一个来保养的客户，他七座的车子陆续下来十个人，跟客服要了一叠领餐票之后，我终于释怀了……
['叮叮那个铛'],0,,,220,,午饭后娃她爸出去送货，孩子跟到门口，姐姐说：爸爸拜拜，你要小心开车。她爸爸说知道了。姐姐又来一句：爸爸，你下次再来玩啊。噗，我一口水喷出来，你当我这是茶馆还是酒楼，还下次再来玩[捂脸][捂脸]
['XIAOMA小马哥'],0,,,228,,深圳的冬天什么时候能来，我想穿件外套档住这个洞[哀怨][哀怨][哀怨]
['yisansansansan'],31,,190,700,,咯咯咯咯咯咯
['放飞的柔情'],30,住过，不过是跟同学和她哥哥一起啊,21,962,,一个大学同学的哥哥有一台房车，六十多万买的，才几年的车，很少开，现在二十万卖出来，我便怂恿老公买回来。老公说：车位都进不去，买来没地方放，再说住着也不舒服，住酒店多好。我马上说：住着很舒服的，开出去玩超有感觉。老公疑惑地看着我问：你住过？
['林晓九'],23,楼主索性一屁股坐在砂浆中愉快地玩耍着～,46,3476,,在工地一个没注意脚踩沙浆里了，工地李叔看见了告诉我别乱动，他去叫人！片刻之后李叔就把人都叫过来到我边上·····然后大家一起笑话我[大哭]
['鲲鹏九天'],97,,,233,,老王终于结了婚。但新婚的第二天清早，就有人看到他坐在酒吧间里，满脸沮 丧地正在喝酒。“出了什么事吗？”“我今早起床的时候，很习惯地掏了三百元钱给我太太……”“哎呀！真糟 糕！”“更糟 糕的是，她马上找了我五十元钱。”
['圈圈球球窟窿窟窿蛋'],23,,,188,,蚩尤养了两只熊猫，一只征战用的，一只卖萌用的，在跟黄帝打的时候，骑错了，然后。。。。。。
['这他妈也阔以'],0,,2,145,,警察大发了。
['爱新觉罗.黄瓜'],30,老爷子去世多年了，每每提及此事，我心中深感不安,20,1343,,那年，老爷子还活着，儿子哭闹着要吃零食不肯吃饭，盛了三次饭，都被熊孩子给倒地上了！我气不打一处来，抓起儿子的饭碗摔了个稀烂。老爷子也是个暴脾气，抓起我的饭碗，也摔了出去:“你摔他饭碗，我就摔你的，他不吃你也别想吃！”我……
['吃了两碗又盛'],39,这是心气不顺啊看来碗哥有场硬仗要打,28,1425,,我去盛饭，想顺便给媳妇带点，就问：用不用给你盛点饭，我看你快没了。媳妇把筷子一摔：你才快没了！
['番茄酱mua'],23,,,235,,“中国历史上哪个太后最健康？”“额，不知道。。。”“是慈禧。”“为什么呢？”“因为禧禧更健康。” ​​​
['余生都会是妳'],27,,,154,,沙雕朋友圈终于被我碰到了😂😂
['骑着骡子看电影'],0,,2,367,,今天在路上遇到一个老奶奶摔倒，正考虑要不要扶的时候。老奶奶开口了：滚开点穷小子，别打扰老娘做生意。
['身正也怕影歪'],53,不能吃兔兔，不能吃兔兔[大哭],41,2530,,老板的孙女养了两兄兔子在公司后院，公司的员工没事就去逗兔玩，喂喂它，今早下雨没啥事，就过去喂兔子玩，在喂着呢，设计师小吴也过来了，我问她：“你也喜欢兔子吗？”小吴说：“喜欢，但是更喜欢熟的”我～～～～
['无书斋主'],40,你借的什么书她能不告状吗,37,1779,,记得上小学时，在镇上图书馆租书，五分钱一天，而那时我一个星期的生活费才两块！一个同学要看我租的书，我告诉她五分钱一天，一个星期后她还我书，不给钱，还去给老师告状说我租书收五分一天……就这么，我差点被学校秋后问斩——开除了！幸亏是图书馆借的书！！！
['淼菟兔i'],24,,,200,,明年还可以用
['夲少姓〖劉〗'],27,,,251,,课堂上。老师“小红，请问人体的什么东西会在什么状态下膨胀至6倍？”“老师，这个问题我拒绝回答！”小红满脸通红。“小明同学，你来说一下。”“瞳孔，在强光照射的情况下。”老师对小红说：小红，我要和你说两点。一，你的思想非常肮脏。二，将来你会很失望。[大笑]
['ＬＹ丶'],25,,1,269,,今天去买水。带中奖了的。我开开一看就看见个壹字。 果断和同说长得帅喝水都给面。  只见同事默默说了一句。谢谢壹顾。
['偶尔～冒泡'],100,,9,407,,退休多年的教师老张，被孙女批评太落伍了，患上了现代语言表达障碍综合症。老爷爷不服气，孙女当场给他出了三道题，让他试着回答，说是要看看他有没有现代语言表达障碍。这位老爷子信心十足说，我有35年的教龄，应该没问题，请讲。第一道题：现在“开会”怎么讲？老人回答：我活了六十多年，开会就叫开会。孙女说：错！应该叫论坛。第二道题：现在“瘦弱”怎么讲？老人回答：瘦弱就是身体瘦、体质弱。孙女说：错！应该叫骨感。第三道题：现在“包工头”怎么讲？老人回答：包工头就是承包工程项目的负责人。孙女说：错！应该叫项目经理。然后，孙女用非常严肃的口吻说：按照上面的测试，说明你已经有很严重的现代语言表达障碍了！说话词不达意，已经是接近思想僵化、知识退化、脏器老化、等待火化的人了！我现在先出一些练习题给你做做，可能对你有点好处。听完孙女的话，老教师心里想：唉，想不到活了六十多岁，我居然还没有学会讲话？可我桃李满天下，却怎么落下个连这么简单的问题都答错呢？可见退休后“痴呆”程度之严重啊！以下就是孙女给爷爷布置的相关练习题，也请老人朋友们，自行测试一下：1、单位现在怎么讲？叫机构。2、集体现在怎么讲？叫团队。3、目录现在怎么讲？叫菜单。4、计划现在怎么讲？叫路线图。5、领导现在怎么讲？叫老板。6、秘书现在怎么讲？叫小秘。7、地主现在怎么讲？叫大赢家。8、资本家现在怎么讲？叫企业家。9、暴发户现在怎么讲？叫土豪。10、农民工现在怎么讲？叫外来建设者。11、半老徐娘现在怎么讲？叫资深美女。12、嫁不出去现在怎么讲？叫剩女。13、八卦新闻现在怎么讲？叫秘闻。14、桃色新闻现在怎么讲？叫绯闻。15、奸情现在怎么讲？叫劈腿。16、结伴出游的人现在怎么讲？驴友。17、传经布道现在怎么讲？叫心灵鸡汤。18、争论现在怎么讲？叫对话。19、辞职现在怎么讲？叫跳槽。20、贪官污吏现在怎么讲？叫老虎苍蝇。21、减肥现在怎么讲？叫塑身。22、滋补现在怎么讲？叫养身。23、用餐现在怎么讲？叫饭局。24、甩手跺脚现在怎么讲？叫广场舞。25、痛快现在怎么讲？叫爽歪歪。26、发疯现在怎么讲？叫非理性亢奋。27、关系密切现在怎么讲？叫零距离接触。28、同吃同住现在怎么讲？叫资源共享。29、意见合一现在怎么讲？叫共识。30、你我受益现在怎么讲？叫双赢。31、用尽了全部力量怎么讲？叫洪荒之力。
['晓瑛子'],0,玛德狗粮我干了，带上我的祝福衮远点。,195,3224,,今天去拿证，加上复印啥的共60块。拿完证两人去吃奥美基65块。我在感叹65块钱的零食就把自己卖了，于是就对贺先生说，不划算65块钱的。。。。。还没说完贺先生就接话说是不划算，啥都没吃到65块就没了，还不如去吃两碗拉面。额。。。。。
['徘徊的老鹰'],43,你妈走了，就留了五块钱零花钱，咱爷俩吃三天，我有什么办法,14,369,,女儿说：“老爸你怎么今天勤快的给我做早点”[大哭]。我想说：其实我也不想，你妈回娘家了，我有办法吗？[大哭][大哭]
['番茄酱mua'],23,,,284,,人无远虑，必有近忧。比如吃饭，你不能只沉浸在此刻吃饭的享受中，却忽略了吃完饭要洗碗的痛苦，而我就很机智，吃完饭就把碗给砸了。 ​​​
['太过于安逸'],28,,11,224,,我们慢慢长大，一直被现实逼着只知道前进，多久没看过满天莹火虫，没好好看过天空了。
['黄山小妖'],25,不好，小树林里有埋伏…,20,1346,,我急忙跑到路口...就听一个大嗓门喊道：“媳妇！今天怎么这么晚才下班！我都等你半天了...”我慌张的说道：“有事，加了会班...”然后我们打了一辆出租车，刚坐了一段路，他就淡定的对我说道：“以后尽量别一个人走小道，刚才你身后那几个人一看就不是什么好人...”我：“谢谢你...”
['尛尛槑'],31,帅哥属猴啊？手 速 嘴 速都这么快！,61,3712,,坐公交出门办事，邻座坐一长发美女，吃板栗吃的津津有味，我看的只吞口水。美女扭头看见我的样子，来了句帅哥一起吃吧，然后把板栗伸到我的面前，我拿了一颗尝了尝，真好吃，然后一颗接一颗。美女就伸着手给我接着板栗壳，一袋一下被我吃光了，再次眼神碰撞到一起的时候，已读不懂美女眼神了……
['大明湖畔·流言'],101,,,244,,平时我开车送老婆上班，今天老婆说她来开。路上遇上碰瓷的，一位老大妈慢慢的在车前倒下了。老婆要下车，我拉住了她，然后大声地说：“老婆不好了，碰到人了，你刚拿了驾照，你下来，我来开车送老大妈去医院。”老婆心灵神会，回道：“我能行。”我又大声地说：“不行，你看你又踩错了，你把脚放在油门上了，老大妈还在前面，不能往前开。”老大妈快速的爬起来走了……
['逍遥帮主阿紫'],18,,,217,,我能想到最浪漫的事 就是有人给我买汉堡炸鸡烤肉章鱼小丸子绿茶珍珠奶茶蜜糖莲藕炒面蛋炒饭炸年糕铁板鱿鱼慕斯冰淇淋过桥米线孜然羊排糍粑双皮奶小蛋糕小笼包奶黄包菠萝包麦香鸡块鸡柳乐事薯片熊博士鲜虾片波力海苔鱼趣臭豆腐麻团披萨爆米花骨肉相连甜筒蛋挞泡芙鸡肉卷糖葫芦奥利奥 然后 我吃 他看着
['じ☆ve箛獨芣楛灬'],23,,25,1135,,班里有一个男生，特别好！叫他干什么他就干什么，从来不拒绝！说实话就是跑腿的！出于同情吧，我就问他，为什么这样？他说  我是男神，有求必应！
['放飞的柔情'],30,我特意看了一下楼主的资料，结论:东北女人在东莞创业中……,128,6852,,刚刚毕业那会，租了本地人自建房，每层有几个单间那种。晾衣服不方便，都要去楼顶天台。住了一段时间，开始隔三差五的丢内衣裤，丢了几次之后，我决定搬走了。房租不贵，内衣买不起了。
['半截烟云'],100,出门时间其实我也不确定……,23,2138,,闺蜜约我吃饭，我说等下，收拾一下马上出门。一小时过去……电话又一次想起，我:催命呢你，这一小时时间你打了多少次电话了，还有，为啥总往座机打？闺蜜:我这还不是为了确定你出门没有嘛，毕竟女人比较了解女人，先确定你出门我再出……
['富贵人家8号技师'],18,,3,230,,那年，豆豆跟他的女神魅儿去小西湖划船。结果船翻了，上岸后魅儿就说:我要和你分手！豆豆:为什么？魅儿:你没有智商，没有勇气！豆豆:怎么会呢，船翻了，我可是奋不顾身的跳下去救了你的呀！魅儿:那你也是没智商。豆豆:怎么会呢？亲爱的……魅儿:你以为我不知道，不是你捣鬼船会自己翻？
['名字再长也八个字'],39,,,212,,天冷了，前几天在网上淘了1件棉服，问我要啥颜色的？我说要肉色，今天穿上出去转了一圈，被狗追了三圈！[捂脸][捂脸][捂脸]鞋都跑丢了[偷笑][偷笑]
,,,,,,
['八二年的胡子哥'],36,老板不近人情,13,936,,上班那会儿，跟老板请假。老板说“明天星期天，店里会比较忙，你星期一休息吧。”我把工具箱一提“我堂爷爷去世了都没好意思跟你请假！出殡都不让请假？我过几天来结工资！”说完大摇大摆走了，那时候感觉自己还是挺霸气的！只是后来找工作比较麻烦……
['无书斋主'],40,怕啥，继续看,53,2770,,二楼一兄弟和我性格相近，昨晚在他家阳台喝茶，远远的看见一妹子进来，我们两个从她的身材穿着品头论足意淫一番……总结就是:身材高挑，长筒靴露脐装，风骚性感！突然兄弟示意打住，示意楼下……卧槽，他岳母！！！
['SHQ581'],48,,,101,,宝马的弟弟宝驴。
['该用户被永久封禁'],84,,,221,,在美团上买药，双飞人居然在成人分类里……
['这他妈也阔以'],0,,14,146,,地卷皮吃过没。
['无书斋主'],40,我买东西从来不复称，宁愿相信一个美好的世界，不敢面对残酷的现实,41,1792,,"前天社区一大爷挑着担子卖水果！刚好要买水果的我，买了四个火龙果一个柚子六只香蕉，大爷说四个火龙果六斤，一个柚子三斤半，六只香蕉三斤一两……回家后画画（老婆）称了下，火龙果四斤四两，柚子两斤七两，香蕉一斤九两……昨晚那大爷还在，看见我叫我买水果，便宜卖！我笑笑,大爷，昨天买的还没吃完啊！！"
['烂鱼网'],40,水库决堤了你不去堵漏洞,85,2577,,认识了一个月的女友，昨晚，吃完夜宵送她到楼下，趁着酒劲亲了亲，顺便又摸了咪咪…，谁知她说了一句“你好坏”。吓得我急忙松手，酒也醒了一半，站着不知所措。蛮久她气呼呼的走了，到现在也不回我的信息！我做错啥了？[大哭][大哭]
,,,,230,,男票：你愿意为我去死吗？女票：我愿意。男票：你愿意为我而活吗？女票：我愿意。男票：你愿意为我做家务吗？女票：我不愿意。
['许诺的蛋糕'],19,,1,205,,这海底捞服务真的是碉堡了了
['叫啥都一样不是嘛'],27,,3,164,,这临时牌照也是够了！
['手机用户26567'],0,,27,449,,想起之前姑姐介绍了一个女朋友，我们相谈甚欢，我见她对我也有意思，就主动想去她家看看，带了礼品。后来还给她买了手机。虽然不是太好的但是她也表现的挺喜欢，我也能看出她是真心的。然而。。。有一天，她告诉我一件事，她二姐夫说他前女友曾经被我拐跑了，确有其事，虽然我有心跟她在一起，但她家很抵触。我也搞不清她姐夫是哪里来的勇气说出来这件事的，真的很奇葩。正好她姐夫很我一个发小是同学。6的我笑了一天，这么巧的事我也是头一次遇到。就像拍电影。我发小知道了也是在电话那边笑了五分钟没回话。合着我很她姐夫是前情敌。。。
['狐地瓜大人'],29,然后你就挨个去看妹子的大腿，，然后被打的亲妈都不认识了,55,2674,,进公司大楼时，看到前台妹子的丝袜勾丝了(抓到会扣钱)。转身出去，买了双新的，准备交给妹子。回到公司大楼，发现前台妹子的丝袜都是好好的。一时恍惚，愣是想不起来是哪个妹子的丝袜坏了，就记得脸白白的，右腿丝袜勾丝……
['半截烟云'],100,人家是情人眼里出西施，你是西施的邻居，叫东施，，,13,436,,二货老弟交了女友，上次放假回家，赶巧碰到老弟也带了女友回来，饭后我跟老弟女友闲聊，聊得正高兴的时候，老弟女友突然说:姐，之前听小杰（我弟）说你跟他长得像，可我怎么看你俩都不像啊。我:又不是双胞胎，不像很正常，都是一家人反正颜值也差不了多少。老弟女友:我觉得差远了，小杰看起来比你好看多了。我……
['“孔夫子”'],36,,,217,,终于找到适合自己的干粮
['你的老干爹'],0,,3,117,,哪个妹子喜欢！
['我是煮茶'],33,,23,2188,,那年，我勤工俭学在餐饮店送外卖，有个客户总喜欢点我们店的外卖。有一次，他问：“你们外卖是不贵，但你们厨师是老厨师吧？”我：“是啊，经验丰富，做的菜是一流的，味道与众不同，您也吃得出这个是老厨师的手艺？”客户：“老厨师的手艺我吃不出来，但我总是能吃出白头发来...”
['我是煮茶'],33,穿上啊，紧身衣的感觉,15,1104,,以前我们学校足球队跟别的学校踢友谊赛。踢完，我们校队赢了。为了友谊，我们队长跟对方队长交换球衣。我们队长个子小，对方队长高大。互换球衣后，我们队长跟穿连衣裙一样，风 情 万种的...他们队长穿不上，光 着膀 子拿着球衣擦汗...
['若风89'],48,,1,204,,一老者慌慌张张到牙科诊所，要求医生补2颗牙齿，心情甚是急切。医生问他，怎这迫切的。老者解释说:工地上，每次吃排骨汤时，我都落后了，口里缺2个牙齿。他们吃起来，象是抢似的……
['月不冷'],45,,1,271,,说个透骨新鲜的。刚刚公司食堂吃饭。同事c男一边吃饭一边自言自语：要不以后每天下班买菜就按中午食堂的菜谱来好了，省得每天绞尽脑汁不知道买啥。邻座的女同事听了，表示赞许：你真是个好男人，你老婆好福气。邻座的男同事听了表示同情：你一个大男人，下了班每天买菜做饭啊。c男默默地说：唉，屋里老宁嘚俩个，每日买菜做饭却要我来。一句话，剧情马上反转了。什么，家里有两个老婆?女同事听了表示狐疑和不满：你有小三啊，可怜你老婆不值当了。男同事表示狐疑和艳羡：哥们行啊，还两老婆！说说说说！当大伙七嘴八舌时，剧情再次反转。c君环视了一下大家，无奈地说：啥呀，还有一个是我爹的。[偷笑]
['夕，烟火'],24,,4,159,,我说我是男狗，你信嘛？
['隔壁小聂'],27,九九归一的腹肌也可以啊 .. 翻过小山丘就看到一片草原和一个棒槌山,19,1081,,等我练出腹肌之后，再有小姐姐问路，就掀开上衣，指着肚子说:小姐姐你看，你现在在这个路口，上北下南。你往南走过三个路口，你会看到一片草地上面有一个大电线杆子，你可以坐上去等车[臭美][臭美]
['徘徊的老鹰'],43,我也不帮他算,34,1008,,这道题已超出了我的认知……
['老巫婆～～'],21,面朝大海，春暖花开，还是别人的花，你这踏花高手，该你上场跑了。,12,335,,闺蜜男友天天给她送花，我一脸艳羡！后来有一天，老公早早的把我喊起来，送我到一片花海前，对着花海豪气的说：一束花算什么呀！媳妇，我给你一片花海！看着漂亮的花海，心里不禁美滋滋的，我双手背在身后，踮起脚尖蹦跶着往花海里走！老公立马拉住我，看看就好，别踩着花了，那是别人家的花呢！我……
['祈祷8'],33,,,212,,跟闺女一起学习中，总是记不住。闺女:天下英雄谁敌手？我:他俩。闺女笑疯了。
['叫我圣龙哥！'],25,,,131,,这样评论是否太过于残忍？
['吃了两碗又盛'],39,把司机转晕了,8,1123,,下乡，副驾驶的同事做向导，指挥左右。司机转了一天，习惯了言听计从。回到镇里，天天都走的路，司机都不知道怎么走了。
['我就撩撩吥泡你'],100,偷得浮生数日闲，且回老家锄作田。邻家奶奶年事高，浑浑噩噩揭我短。孙女闻言掩嘴笑，今夜沐浴君可看？楼主吓得双手摇，你太胖来我太软！,70,5239,,邻居家奶奶得了老年痴呆，连自己儿子儿媳都不认识了。我周末回家，才走到村口，遇到奶奶在孙女的搀扶下遛弯儿过来，她看到我，居然很准确的叫出了我的名字！然后径直走过来，摸了摸我拎的包，又摸了摸我的口袋说:“你个瓜娃子今天还听话啊，没去偷我家板栗子～”然后转头对孙女说:“你莫和他玩啊，勒个细娃坏的很，屋头茅私（厕所）那个瓦片就是他偷看你洗澡的时候揭开的！”
['逍遥帮主阿紫'],18,,,236,,还记得小时候家里穷，爸妈都不给零花钱。看到别人吃辣条嘴馋，就偷了家里10块钱，买了5毛钱的辣条，吃的特别开心。剩下9块5毛又偷偷放了回去。以为只偷了5毛钱不会被发现，当时的我真机智。
['番茄酱mua'],23,,1,220,,大黄鸭问小黄鸡：“小黄鸡，你怎么闷闷不乐啊？”小黄鸡说：“因为我是黄闷鸡。” ​​​
,,,91,240,,谁有我糗，lz今年24，结婚6年，和老公在一起的时间还不到半年，为了儿子不忍离婚，有人和我一样吗？我就想问问，像我这样的，还有了要吗？
['尛尛槑槑'],37,,83,1116,,天凉了，给男朋友买了顶帽子
['金玉露'],32,遇上老司机了，台词背的那么溜。,76,3785,,晚上给女友打电话，却是一男接的，对方粗喘气着说，当时我脸都绿了，生气的问接电话的是谁，结果那边说：我是抢手机的，你媳妇忒特么的能跑了，追二里地了还追呢，先不聊了，你媳妇加速了。
['Greedy、寻欢'],22,,,234,,正玩王者荣耀，，婆娘拿着日历说 老公 老公 老公 是知道今天是什么日子吗？顺嘴一答 东莞扫黄第1437天。现在在包扎。
['我兜有一套'],42,,,200,,刚发生的糗事     早上陪媳妇去燕郊办事，办完了坐403路去倒车回家。一会上来俩女人坐我们后排，就听他们说地上有张卡。其中一个女的就捡起来了，就听他们念是通州自行车卡，一翻兜原来我媳妇掏手机的时候掉了，就跟他们说是我们的，他就给我了。我们谢过了了她，她还问办这卡是不是得交押金啊？我媳妇就告诉他，得存300呢。下了车准备倒811回家，看见其中一个，也下了，还和我们打招呼，正好我内急就去找厕所了。刚嘘完，媳妇电话来了，带着哭腔，我说咋了，她说刚才掏手机，卡又掉了，刚捡起来，那女的以迅雷不及掩耳盗铃之势把卡抢走了。撂下一句，她越想越不对，卡上又没名，怎么证明卡上你的。就上了公交走了。我说她估计是惦记卡里的押金了！！不过小样能让他得逞，别说他不知道退押金需要身份证，就连骑一次也别想！！！立马电话挂失！！！你以为爷爷还惯着你咋的！！
['再次回到糗百'],29,,20,708,,对于A4腰我只想说↓
['歌歌哒f'],26,,23,1056,,本人比较早熟，小学时就喜欢上了班上的一个小女孩。那年六一儿童节时，我报了个节目表演“解三连环”，委托老爸给我弄三个铁环，要求两个焊死铁环拿到后，也没检查就放书包里，到了表演那天，我上台拿出三个铁环敲了半天也没套进去，一看，三个全焊死了。没办法我只好又是一顿猛敲，看着飞出的火星，和台下一片哄笑，急得满头大汗的我两环一碰喊道：“磨剪子嘞~”喊完又一碰：“戗菜刀哟~”当我来到台下看见老爸笑得直不起腰的样子，还在我肩上拍道：小子，不错，这都能砸出火星子来，是把种地的好手。要不是平常被他打怕了我真想和他干一架。
['奔跑的小土狼'],26,阿亮是个老实人,31,1653,,我们公司在一个工业园里，阿亮拉成品入库时，把隔壁厂的车刮了一道儿印我赶到时，眼看着那车主打了阿亮两拳，我急忙跑过去对车主说：这一道是我的人划得对吧(随即用手机拍了照)，你放心，这个我们包我又转头对阿亮说：他刚才是不是打你了？阿亮噘着嘴满脸委屈：是我：那你是不是感觉身体不舒服，用不用去医院验验伤阿亮这憨货:不用了，打的也不是太疼卧嘞个大槽……
['张飞丶'],28,,,201,,以前看的段子 有个小孩和他父亲去澡堂洗澡，地太滑小孩摔倒的瞬间直接慌乱抓了一把拉住他父亲那个部位。他父亲直接说你他么是跟我来了要是跟你妈一起不摔死你个鳖孙[嘻嘻][嘻嘻][嘻嘻]
['夲少姓〖劉〗'],27,,,345,,又到了郊游的好季节，老师带小朋友们出去郊游。到了之后，老师让小朋友们去附近找点水果什么的来吃。不一会儿小朋友们就拿着找到的东西在河边洗着“小花，你在做什么啊？”“报告老师，我在洗草莓，因为我采到了草莓。””小明，你在做什么啊？““报告老师，我在洗苹果，因为我采到了苹果。”“小强，你在做什么啊？”“老师~我在洗鞋子，因为我踩到了屎~~~”[汗颜][汗颜][汗颜]
['我的妙妙去哪了'],14,,17,186,,跳还是不跳呢？？？？
['渣渣辉*'],24,老板走的时候说了句：你们玩胸口碎大石小心点,19,938,,老板出去了，隔壁桌丽娜就拿出来辣条，美美的吃起来。突然老板掉头回来了，她麻溜把袋子收拾进屉子，手上有根辣条已经来不及了，又没垃圾桶，公司纪律严明，我正替她担心……这货迅速把辣条插进了我胸口!坚定地用手捂着……老板进来拿了钥匙，疑惑地看了我们一眼就出去了。
['放屁成个调'],29,大家让一让，让我上去呲醒楼主。我尿多！,84,5283,,有段时间我心情不好，就得了失眠，几天都是第一个上班，看门的大爷跟我混熟了以后，说把他的闺女介绍给我，领导看我这么早就来了，我就连升了几级，现在和大爷的闺女相处，这次失眠没白费。
,,,,241,,读大学的时候，我搬出校外自己租房住了，不是我为了安静，也不是我想和女友过二人世界，是因为有一次我听见舍友做梦喊我名字，还叫我屁股抬高点。[哀怨][哀怨]
['代代4'],26,,3,300,,坐公交车从最后一排中间的位置被一个急刹车一路冲到司机身边还和司机打了一个招呼
['冰若诺心'],33,,35,698,,专车故事六。老李晚上接了一个万达到滨湖的订单。到了门口一个美女问，是专车么？得到肯定后就上车了。老王拉着她就往滨湖跑，中间有一段路是很偏僻的。突然出来几张警车就把老李别停，人拖出来按在地上………。后来才知道那个美女是到市里的，约的是另一辆专车，坐错车了。女的看司机开往偏僻的地方，吓得直接报警了…………
['状元扔笔耍刀枪'],100,婚闹是恶俗，不是文化。,61,4073,,邻村一小伙结婚，闹洞房时叠罗汉把新娘的肋骨压断了两根;新娘的闺蜜为保护新娘把假胸都压爆了。全部送到了医院，伤好后直接离婚。
['奔跑的小土狼'],26,买  别的都不是原来的味道,23,991,,跟媳妇儿压马路，我指着炸油条的老大爷说：我早餐买的油条，就是这大爷的，为了吃他的，我每天都多跑好远媳妇儿：他的油条确实挺好吃的，味道跟别家不一样，人家肯定有秘方，往里面加了什么，咱再买点中午吃这时，那大爷对着油锅打个喷嚏，用手把大鼻涕一甩(也不洗)，搓搓手接着和面……我还买不买啊
['徘徊的老鹰'],43,你运气太好了,11,394,,和班花偶遇，我俩有说有笑往学校走……隔天隔壁班的王二傻子，拿着半截板凳腿边追边喊：敢泡我的马子……刚好路过的老班看到了，于是那一年的运动会上，我一个人被报名了班上所有的中长跑项目。
['夲少姓〖劉〗'],27,,,265,,昨晚下班回家，迎面走过来一小伙子，20来岁、衣着朴素，带眼镜，胸前交叉两条粉色的宽带子，步履匆匆，于是胡乱猜测：纯屌丝、时尚的、前卫的、登山包、正宗驴友、品味高雅.....当擦肩而过的那一刻，我一扭头，立马肃然起敬，居然是：婴儿袋、小宝宝、大眼睛。为坚强的活着的普通的中国人顶起、顶起[挖鼻孔][挖鼻孔][挖鼻孔]
['幸福的傻丫头'],0,,2,124,,小编，你编稿大脑里都在想着工资？
['小奇鸽'],18,少精弱精是病，得治。记得医院在G港后面,122,4762,,一个多月前，带着我的十万精兵去前线打仗，本想只是去试探敌军实力，不料一帮精兵英勇善战，不听指挥，冲入敌军军营，闯下大祸，害我现在筹备黄金几千两，去敌营赔礼道歉！
['逍遥帮主阿紫'],18,这特么就是你顿顿给你男朋友做溜肥肠的原因？,129,2352,,皮友们，找男朋友一定要那种互补的 比如我喜欢吃甘蔗，你就应该喜欢吃甘蔗皮。我喜欢吃鸡蛋 ，你就应该喜欢吃蛋壳。我喜欢吃香蕉 ，你就应该喜欢吃香蕉皮。我喜欢嗑瓜子 ，你就应该喜欢吃瓜子皮。其实我想说 ，我最爱吃的还是榴莲。
['翻梵天之梦'],18,,,250,,暑假在家看到一个关于毒校服的新闻，一小学生说：”我觉得我成绩一直上不去，就是因为穿了学校的毒校服。”另外一个高中生说：”我觉得我个子一直长不高，就是因为穿了学校的毒校服。”，，，等等各种吐糟毒校服的，结果一哥们忽然来一句：”我他妈到现在还没找到对象，估计就是我对象已经被毒校服毒死了！”笑的泪蹦……
['东临～天下'],36,,,210,,还是自己拔吧！[笑哭]
['清纯小哥哥'],19,,22,2395,,话说一个哥们第一次搭飞机，登机时站到飞机门口，看着机身一脸的神往……空姐就很诧异的看着他，这哥们上去对着机身啪啪啪就是几巴掌，边打边感慨：“网上都说他们常打…飞机，今天我终于也打到飞机了。
['尛尛槑'],31,凑表脸，连小孩子都骗！,22,1557,,快四岁的儿子想玩我的手机，居然想出了个角色扮演的主意，要求我俩互换身份。我说好，把手机递给他后，他问我宝宝想吃什么好吃的？粑粑给你做好吃的。宝宝想吃零食，然后立刻开始进攻他的那些零食，他拿过手机呆呆的看着我吃，可是手机打不开不能看动画片，终于忍不住开始大哭:“粑粑你个大骗子！……[大哭][大哭]”
['莫歿'],22,你恐怕对男2有什么误解，不过它后面要是诈尸了那就另当别论～,29,1623,,我发誓以后再也不充VIP了最近追剧，看上了男二，由于本人性格比较急，懒得等，就冲了个VIP，结果，他下一集就死了[捂脸][捂脸][捂脸]
['余生都会是妳'],27,,,186,,你们紧张的时候都抓过什么？？？
['风舞落叶7'],0,,,187,,儿子5岁的时候，带他去一个新开张游泳场游泳，路上这熊孩子说：爸爸到了游泳池你先下去游吧!我很关心说：没问题呀，平时不是你先冲去玩的吗，这次怎么啦!熊孩子一本正经跟我说：我就看看能不能淹死你我再下去。——————这是不是亲生的，害得我这么多年都不敢游泳!
['狂人日妓√'],24,难道乘客就是交警,61,7557,,坐出租听一的哥聊的…………一的哥刚被交警逮到罚钱又扣分，正在气头上时有人摆手，停车，乘客上来后的哥开始发泄……“现在的交警tm都是狗，见谁咬谁，刚被咬了真tm晦气”“哥们你去哪？”此哥们脸一黑的回答“去狗窝”   去...狗......窝......
['牛飞了乐'],23,拿这些条件换的钱老子可以从二十嫖到八十，每次可以换新鲜的,109,1398,,2018年丈母娘择婿10大新标准：1、一套100平米以上的房；2、一辆20万以上的车；3、10万以上女方名下存款；4、生育期间雇保姆；5、婚礼要盛大；6、婴儿奶粉要进口；7、工资奖金要上交；8、逢年过节回娘家过；9、每年至少一次旅游；10、对老婆忠诚、服从。新标准引发网友热议：1.在这个“男追女、隔个妈”的年代，这是让人发蒙的节奏啊！2.她，炒热了中国楼市，推动了刚性需求，培养了白富美，激励了矮矬穷。她，就是丈母娘，多么伟大的存在……
['无书斋主'],40,画上和 尚 画荷花，画上荷花 和 尚画,40,1735,,楼下李大爷两夫妻大清早的吵架，吵的很凶！我刚好路过就进去劝架，李大爷说:小黎，天气热，我和你大娘分开睡，可是现在这么冷了，我不想分开睡，昨晚搂下她，她竟然说我老不正经，把我踢下床了，你说，你昨晚是不是搂着你老婆睡？咳咳，李大爷，我要上班先走，你们慢慢理！！
,,,4,283,,高中有一对双胞胎同学，姐妹俩都是172，96 斤，先认识的姐姐，但是完全分不清她俩。有一次妹妹冒充姐姐约我，日后才发觉不对。
['雪化女神弄'],26,,,224,,到底夸了几个人
['不说。不听'],23,,4,122,,明早吃这个
['半截烟云'],100,吃货，大熊猫吃货,23,1482,,一早起来，老妈一看到我就吼:你是不是又熬夜看电视了？老说你不听，看看你这黑眼圈，都快赶上国宝了。我说:妈，我没看电视，我想睡来着，可死活睡不着。老妈:大晚上有啥心事儿就睡不着？“还能有啥事儿，我不是刚带了咖啡回来嘛，她晚上嘴馋又喝多了……”老哥突然拿着咖啡过来说。
['狐狸打妖怪'],18,看来你哥在家很有地位，地都让你嫂子拖。,49,5769,,刚刚大哥跟我发微信，说就在刚刚发生的一件事让他想明白一个道理：不要让爱你的人总为你操心。他在厨房切水果时切到了手，叫了一声“卧槽”。嫂子听到之后赶紧冲过来查看情况，发现他手指流血了神色慌张，看嫂子的表情大哥自己心里也难受。嫂子跑到卧室拿纸巾过来，对大哥说：“赶紧擦一下，别滴到地上，早上我刚拖的”。
['吃掉三亿人'],28,吃鸡上瘾了！,16,663,,老公在房间里转来转去找东西，我问他找什么，他头都不抬，说：我找急救包！我拿出医药箱给他，问他怎么了，老公瞪着医药箱，愣了愣，说：我找急救包，不是这个！你看我手机，看这血一直掉！我接过手机一看，尼玛，没电了！！
['数学小公举'],31,,1,196,,临近光棍节了，邻居吵架打架的频率明显上升了，今早凌晨就听见摔盆子摔碗的声音，那两口子打得，感觉有一个都见不到早上的太阳似的，都有人扯着嗓子喊要报警了。一听都是些没结婚的，结了婚的不会摔碗摔盆的，想想那些碗盆可以买多少件衣服口红，就会默默回到床上加购了。
['小火星在地球'],26,,13,208,,难得有时间玩LOL，想不到第一局就被人集体坑了，难道是他们的网吧停电了吗
['恨钱不成山'],30,这就是你们撞南墙的原因？,35,1776,,昨天下午，我开公司的货车拉着同事老孙外出，去物流提货。往回走的时候，天快黑了，还下着小雨。走着走着，老孙说到：天都黑了，咱敢不敢开一下车灯？我说：车灯一直开着啊，这车灯开了跟没开没什么区别。我边说边反复的开关灯光给他看。老孙来了一句：我靠，我们公司这个破车，就跟古代的瞎子打着个灯笼一样，别人能看到我们，撞不到我们就行了……
['八二年的胡子哥'],36,当年村里好多这样换亲的，各论各的。,49,4050,,那年，妹妹结婚了。我连女朋友都没有！送亲那天，我一眼看上妹妹的小姑子了。哀求妹妹帮忙牵牵线，妹妹瞪了我一眼“哥你别逗了！你要和她成了，我和她到底谁是谁大嫂？”
['番茄酱mua'],23,,,269,,一个化学冷知识：一份一氧化碳 + 两份铁 = 一杯咖啡。 ​​​
['无书斋主'],40,以后多准备几张卡吧，需要按摩的时候就亮剑！,7,332,,昨晚给老孙电话:老孙，单位发的卡我帮你领了，让小赵给你带回来了，给你了吗？今早画画大清早的给我煮了碗面，吃完准备走的时间，画画问:老公，你不厚道啊，你看昨晚我给你揉背，今早给你做早餐，你的卡还不上交？老婆，谢谢你哈，……你费心了！！那是单位的油卡，我不是司机没有！
['傲娇三眼性感唇'],27,,,283,,今天去接大哥出狱，大哥当初因为走私罪被抓，在里面死活不肯透露最后一批货藏在那里，被从重判了二十年。今天终于出来了。 出狱之后一言不发，大哥带我来到郊区，仔细辨认了一天找到了当初埋货的地方，俩人挖了半天挖出了几个大箱子，大哥看着大箱子，都开始颤抖了，紧紧地抓着我的手说：这批货一出手我们就有钱了，这几年的苦也没白受，咱们一起过好日子！ 我感动的流着幸福的泪水，打开了箱子：满满一箱子BP机……
['王八与蛋'],99,房东太太故意改密码，想要密码就得太阳[doge],73,4536,,到朋友家玩，想上网的时候，他们租住的地方Wi-Fi连不上，老是提示密码错误。这时朋友跟他室友说道：“你赶紧上楼一趟，跟房东太太讨要最新的Wi-Fi密码！”他室友听完极不情愿的从抽屉拿出一个套套揣进兜里就出门了，一炷香的时间，网络通了……
['鱼歌浅唱'],79,领导也要参加[流鼻血][流鼻血],28,1576,,跟单位要好女同事一起拼单，今天终于到货了。正在嘻嘻哈哈讨论是否要试试的时候，平时不苟言笑的领导慢悠悠迈进办公室，难得眉开眼笑好心情“试试啊！我给你们参谋参谋~”我愣愣地举着拎在半空的黑色高腰蕾丝内内，久久没能反应过来……
,,,,230,,昨天去澡堂洗澡，一个男的带他儿子去洗澡，地滑小男孩摔倒了立马抓住他爸的JJ，男的捂着JJ说，多亏和我来，要是和你妈来摔死你丫的，当时差点笑的我腿抽筋。
['陌上℡'],88,,1,230,,跟好友沿着河边走，看到一条被压死的小蛇，好友从包里翻出来塑料袋，把死蛇装了起来。路过垃圾桶，问她：“这有垃圾桶。” 好友疑惑的看我：“垃圾桶怎么了？”  我：“你刚才捡起来的死蛇不是要丢进去？”  好友挠头：“那是水蛇，刚死不久，看着新鲜想带回去煲汤…”
['污得不要不要的人'],18,,4,135,,一不小心又让虐了。
['猪蹄小丸子'],20,没喝一口，喝了一肚子，，,60,2474,,去澡堂子泡澡，刚走到水池子旁边，就被后面一个突然滑了一跤的大姐直接把我撞趴水里去了“噗通～”一声巨响，，一个大水花四溅，澡堂子里瞬间笑爆了。。惊魂未定的我赶紧挪到边上坐好，抹着脸上的水，，旁边一个小丫头说“姐姐，你刚刚没喝池子里的水吧。。”“没，，没，”“那还好，悄悄告诉你，我刚刚没忍住尿…”我，呕……
['二团长，点火！！'],28,别费事啦，花钱请人交作业一样的,68,3678,,橙子熟了，老丈人打电话让回家帮忙摘橙子，媳妇催着快去，我边收拾东西边对媳妇说：太好了，我等这个电话等了好久了，又可以跟去年一样，摘一次橙子免一个月的作 业了！媳妇瞪了我好一会，咬咬牙，给老丈人打了个电话：爸，今年我们不回去摘橙子了，对，工作太忙走不开，这样，等下我就给你转账，你请人摘，工钱我出！
['放屁成个调'],29,,,90,,在网吧里稍微有点痒痒，我就开始挠了挠，一个哥们看见了说，“完了，这人要毛！”“。。。。”
['富贵人家8号技师'],18,,6,284,,"那年，豆豆23岁，处了个女朋友。第一次女朋友家,女朋友家在农村 ，豆豆是城里人， 但豆豆什么活都抢着干，看到未来的老丈人在喂猪豆豆就马上过去帮忙，豆豆接未来老丈人的猪食瓢打了一瓢猪食物，还先尝了尝说 “不够碱……” 当时三姑六婆都在，直到现在村里一直流传着"
['静静的想老婆'],33,,16,293,,这姑娘和我家娃儿很有夫妻相，有谁认识么，我相信大糗百！
['恨钱不成山'],30,这哥们叫大山,10,757,,几年前，我有个哥们，网上聊了个妹子，和妹子约好，晚上在火车站见面，为了方便，于是向他爸申请零花钱。哥们：“老爸，给我200块，我要见女朋友”他爸：“去哪里见面？”哥们：“火车站外！”他爸啪啪给哥们两巴掌：“混账东西，敢欺骗老子，别以为我什么都不知道，火车站门口，那些洗头房吃个快餐50就够，你多要那一百五……？”话还没说完，一只拖鞋就飞到了他爸的头上。紧跟着就是哥们他妈的叫骂声:“老死鬼你很熟悉行情嘛”哥们一看情况不妙，赶紧开溜
['身正也怕影歪'],53,楼主一跺脚，亲侄子啊，，，两个光棍开心的过着没羞没臊的日子,22,1537,,听侄子说又跟女朋友分手了，问他为啥？他说女朋友老抢他喜欢吃的菜，并且喜欢喝他的茶杯。我。。。。活该你单身二十八年。
['小代宝妈'],21,,,199,,每次教女儿做作业的我就头疼，上次教她数数有五个硬是把它说成两个[汗颜]，你叫她再数一遍问她是几个，她到反过来说：“麻麻这是几个呀!”[捂脸]
['没人爱的射手座'],29,,2,202,,兄弟，你袜子少了一只你不知道吗？
['木有鱼丸﹏'],25,,12,278,,网上买了内衣，没穿两天带子那里就断掉了，很生气联系客服，说：你们质量不是很好吗？怎么没穿两天就坏了！客服小妹：亲，你的胸是不是太大了！ 我……没事了，我马上去好评！
['拈花·染轻烟う'],27,精辟,23,994,,女友今天跟我说这样的一段很有哲理的话，让我陷入了沉思。女友说:  学很漂亮，很多人想 上 她，还的掏钱才能 上。班就应该很丑了，很多人不想 上，又不得不 上，上 了他，他还的给别人 钱。我想了想，拿起手机默默地把女友的购物车给清空了，然后对她说:  以后余生我养你！
['（驹迷）真的爱你'],19,你这不是不服，应该算是挑衅了,25,1351,,最近咳嗽，查房时就我动静大，一学长以为我不服，就站我鼻子尖瞪着我问:你是不是不服，整栋楼就你毛病多！！就这样鼻尖对鼻尖对视20秒，咳嗽实在忍不住了，直接口水带痰喷了学长一脸！！！
['＆明明就是你的＆'],44,,,200,,最近一个小学题目引起了争论，现在把正确答案告诉大家，顺便说一下，不要在网上找答案了，找到课文好好读读吧。41325，原文如下西双版纳是花的海洋。这里到处是花 红的 紫的 白的 五颜六色 美丽极了 有一种带红斑的凤凰花，样子就象传说中的凤凰。还有一种圆形的爱变色的小花。他早上是白的，中午变成蓝色，到晚上就变成紫色了。
['痴心换情深i'],36,,,227,,昨儿同事给我送来一把糖，刚想说句感激的客套话来的。同事说到：你这日子过得够悲催的，来吃颗糖甜下。我：没办法的事，那有你潇洒啊，不到两月回家三次，次次风景不同。小样，别走再唠会。
['特种兵痞是我'],0,,1,251,,记得以前在婚庆公司做兼职的时候，有次给一对新人做婚庆服务。完了给钱走人的时候发生了点误会？新郎生气的说你们婚庆公司不好，说好该做的没有做到什么的，反正很声气，最后来了句，马的下次在也不用你们了，我们听到了都没有忍住都嘻嘻的笑了。新娘在边上听到了说新郎，你说什么呢，怎么你还想有下次呢，新郎估计也知道说错了话，脸红的低着头。听着老婆的训斥，我们就一种幸灾乐祸的样子跑掉了。
['捉鱼不抓虾'],21,儿子：回头我跟老妈说，你洗脚也有钱,35,1842,,今天儿子放学回家，给我要钱买零食。我说爸爸身上没钱。“没钱！你打麻将有钱，车加油有钱，喝酒有钱，给人家发红包有钱，我要钱为啥没，你给我一个理由？”我竟然无言以对！
['我打豆豆你是豆豆'],38,果壳不是用来让你跪的？,37,1475,,昨天中午回家，刚进门就闻到一股子怪味刺鼻子。肯定媳妇儿又买榴莲了。我就说：“媳妇儿，又买榴莲了？这东西有啥好吃的？一股子粑粑味儿。”哎呦，还别说，这果壳砸头，哪回也挺疼的。。。。。。[捂脸][捂脸]
['身正也怕影歪'],53,楼主快去帮忙,18,438,,现在上楼板都是  提  吊  机了，以前都是请人抬上去的；记得家里盖厨房，请了几个人抬楼板，我也帮着抬的，抬了几块我就累了，就让大伙休息抽根烟喝点水。再抬时，邻居大嫂把我拉住说：大兄弟你不用抬了。嫂子帮你抬，你哥出去几个月了，正好洪荒之力没处使呢。我一一一一一
['怪我太天真12138'],21,,,229,,这话绝对没有毛病‼️
['奎恩与沙发'],28,,5,286,,一个建议，如果你的朋友有阅读强迫症，千万不要让他/她玩糗百！！！听别人一条一条读段子真没意思！！！
['无奈恋上你的chun'],14,,20,947,,小妹把订婚选在我生日那天，我妈妈不知道这件事，我妈没时间过来给我过生日，就跟我说要我回娘家去过生日，摆酒。我打电话给老公，说我要是决定生日那天回娘家摆酒，问他是跟我回娘家去，还是去小妹那里参加订婚，最后他说他哪边都不去了，他去钓鱼……钓鱼……
['我是煮茶'],33,然后你拨通电话:妈，我说实话吧，孩子是我的，，，,21,1328,,那年，我打电话跟我妈要钱。我妈正在打麻将。我：“妈，能不能打点钱给我？我养了一只小狗丽萨，丽萨现在快生了。我想给它加点营养！”我妈：“碰！我咋不知道这事！你长进了啊！啥时候跟你的？”我：“前两个月！”我妈：“这么说孩子不是你的喽？这钱我坚决不给！”我：“我说的是小狗，不是女朋友！”可我妈已经挂了电话...
['孤犬落寞吠'],24,,4,276,,去表姐家吃饭，姐夫正在教育小外甥：你再调皮，就给你生个弟弟。熊孩子一脸无所谓，有本事你生啊，以后你揍我我就揍他。心平气和的座谈，恁是变成了男女混合双打。
['处女情结的好先生'],24,,,270,,好好先生：为什么同一个生殖器官还分贵贱？陈老湿：？？？好好先生：你天天健身，我说你身上的肌肉好屌，你就很高兴！我说你身材像个几把，你就和我生气？陈老湿：滚。。。。。。
['妹囍'],20,说得这么委婉洗屁股说白了就是洗B,140,4475,,因为胃不舒服今天晚上喝牛奶的时候想着热一热再喝，我这正找着热牛奶的容器呢，这时候就看见我室友手里拿着一个小绿盆，我激动的一把夺了过来二话没说把奶放进去加了热水，只见我室友在旁悠悠地来了一句“那我只好等会再洗屁股”……
['若水寒冰☆'],28,,11,1582,,二叔年轻时很帅，追他的女生排成长队，二叔腼腆，后来找了二婶，问二叔:二婶哪一方面把你吸引住了，才选的她？二叔:她是众多人中最主动的一个！没毛病，毫无瑕疵！
['<落落倾城>'],25,lz，问一下，你是熊大啊还是熊二?,36,1864,,楼主老师一枚，最近在教修辞手法，昨天的作业是模仿例句中的修辞手法自己造句。例句是比喻句，有个同学造的句是:今天老师穿了一件毛绒绒的衣服好像一只大狗熊。我……
['逍遥帮主阿紫'],18,,,216,,我跟表哥叶孤城从小一起长大，记得上高中那会，校园严禁早恋，可是表哥还是早恋了！这事被同学发现且举报，班主任给我姑妈打电话:“你儿子有早恋行为啊！你们应该教育教育啊！”姑妈:“别逗了！老师啊，我那孩子长那么磕碜谁跟他啊！”老师都笑了。。。
['消失的晨光'],0,,,197,,如果有一天你累了，实在撑不住了，就选择这个小区吧，0首付，没有房贷压力，物业绝对没问题，安保力量强悍，配有枪支，大产权，使用年限由你决定，售楼热线110  感觉生活有压力的就点个赞吧！
['污得不要不要的人'],18,,18,690,,你出来，保证不打屎你！
['牛飞了乐'],23,要不要给你配张图,197,10807,,金老走的那一刻金老的书房里无数本应沉疴的手稿无风自动，乍放金芒，漫天金粉散落，朦朦胧胧中似有无数人影自手稿步出。只听虚空之中一声惊雷炸响，随后无数声音随雷声传来:在下萧峰、小可段誉、小僧虚竹、贫道王重阳，老叫花洪七、桃花岛黄固、白驼山庄欧阳锋、贫僧段智兴、在下郭靖、小女子黄蓉、在下杨过、峨眉郭襄、武当张君宝、明教张无忌金蛇传人袁承志、侠客岛石破天、雪山胡斐华山令狐冲、在下风清扬、在下独孤求败在下陈近南、在下韦小宝.......协众书灵恭送金老回天!声音落下只见一白，发老者半立虚空，含笑颌首，笑到:“不想老朽此番回天，竟惊动了诸位，老朽也谢过诸位几十年伴老朽仗剑江湖，众豪杰，我们江湖再见!说完老者一步踏出，白发尽落;二步踏出，皱纹褪尽;三步之后，仗剑于手，竟化为一翩翩公子消失于天尽头。此时只见众书中之灵齐齐对着天边深深一揖，随后缓缓散去，江湖还在继续...
['醉酒舞剑砍疯子.'],14,看不上就直说，特么还绕弯子，一屁股作死他,128,7337,,有次去相亲，男方是我很满意的那种！和男方聊了几句后，男方突然问，媒人都告诉你我的情况了吧？我害羞的点点头！男方接着问：那我问你二个问题，你回答上来证明咱俩有缘分，就继续谈谈，回答不上来，咱谁也别耽误谁时间，咋样？我脑海迅速想起媒人给我说的一些话，信心满满的又点了点头！男：我家几口人？我笑了，立马回答：你爸你妈，你姐姐，还有你，一共四口人！男方满意的点点头，不错嘛，挺了解的！那第二个问题：我家鱼缸有几条鱼？我一下子懵逼了，，，眼睁睁看着男方得意的离开！
['夲少姓〖劉〗'],27,,,259,,鲁迅小时候去学校迟到了，被老师噼里啪啦的打了一顿，鲁迅很生气就在桌子上刻了个‘草’正巧老师走过来鲁迅急中生智把‘艹’给遮住了老师满意的走了【一个字-屌】[奸笑][奸笑]
['我就撩撩吥泡你'],100,,3,218,,武汉出差，我和另外一个男同事，还有两个女同事，开了两间房，当然是男女分住。我大腿内侧长了一小块股癣中午吃了午饭我回房间脱了裤子擦药，突然听到门卡响，连忙拉过被子盖在自己身上，刚盖好，男同事和两个女同事一起进来了。然后说中午无聊，一起打会儿牌。我假装看手机不肯起身，和我关系挺好那个女同事走到我床边说:“有那么冷吗？你不会是肾虚吧？”话音刚落，她又一把掀开我的被子:“大白天的你不会没穿裤子吧！卧槽！真的没穿裤子！”
['呐妞儿&悦庅'],34,,1,305,,就刚刚在G7525高铁上，上厕所出不来了，硬拔开门出来，那妹子别笑啊，哥哥我会用这个门好吧，真的是门坏了！
['拈花·染轻烟う'],27,,12,1179,,跟我妈一起抱我家小侄子出门遛弯，碰到很多年不见的老同学。老同学跟我说:你看你，孩子都生了也不通知我，枉费我们当初关系那么好。说话的功夫他掏出两百块非要给我小侄子买水果吃。老妈赶忙拉住老同学，指着我跟他说:你还是自己存起来吧，等他结婚估 计 利 息 都够随份子了！
['半夜提枪就'],99,生活不容易，包容一下不方便的人,137,8943,,店里要招一名收银，一拖着个大行李箱的女孩来应聘。没等我谈工资待遇，女孩先开口说：能借用下洗手间吗？我满口答应！然后，女孩在洗手间里待了整整两个小时……她在里面，洗了澡，换了衣服，顺带把衣服也洗了。
['污师哈利波特'],0,,1,228,,面对这样的露脐装，我心里莫名有点慌...
['富贵人家8号技师'],18,,3,277,,豆豆去新疆旅游，在厕所和别人发生了一些矛盾，对方装逼要揍豆豆，豆豆本来不想惹事，不想被别人看见。可是转念一想这是外省，又没人认识他，怕什么，于是豆豆撸起袖子，立马就给新疆人跪下了。
['李茝'],37,,,131,,早上去吃过桥米线，闺蜜要拍照，我就用勺子装着让她照。闺蜜说：把勺子拿开，挡住菊花了。我嘴里一口米线没保住，全喷桌子上了……
['半截烟云'],100,我没有女朋友，体验不到有女朋友的感觉,36,1793,,群里聊天，聊到下雪，我说:我都没有真正见过雪，体验不到下雪是啥感觉。一糗友回道:你连雪都没见过，真没见识，不过就你这没见识的样儿，跟我有得一拼，我都没见过海，也体验不到跳海是啥感觉。我……
['又一盏素酒'],34,还缺人不？我不挑剔！,31,2364,,有个地区非常富裕，以至于富人们无法行善，于是他们从外地请了一位乞丐来此。日久天长，乞丐生出许多脾气，动不动就威胁道：“我明天就回故乡去，看你们向谁施舍。”
['linghuo621'],33,,,230,,开车不小心碰了一个人，他怒气冲冲的浑身上下检查了三遍，然后指着自行车说，你赔我车，我车很贵的！我看着地上的共享单车说:朋友，你是认真的吗？！
['嗞尿坑人部总裁'],29,,,273,,我有一次去银行取200万，银行死活说没有，我当时就发火了，他们还报警，妈的取钱怎么就这么麻烦呢！后来行长亲自来解释说，是我银行卡里一共就200块，你非要取200万我们怎么给你[[doge][doge][doge]
['门卫老李'],0,,7,210,,一天一哥们和我们玩后来老婆来说要去听歌哥们和我俩一起去了之前很安静后来歌手高音一唱下的哥差点尿了个位求过
['初夏～繁花如梦'],24,竹鼠:   来啊，看是你的刀快还是我跑得快,15,1065,,"一朋友建了一养殖基地专门养竹鼠,恰好朋友家搬新居办席,饭后他热情邀请我们去参观他的竹鼠养殖基地,大伙一看,哎呀～长势不错,每只竹鼠都可爱,突然朋友一把提起一只还在熟睡的竹鼠,脸上浮现出迷之微笑,说:你们看,这只竹鼠好像中暑了,肠胃消化不好,要不我们烤了它吧！"
['云※星'],26,这时候先别教训，先把扳手哄到手再批评！,22,1369,,儿子不知从哪找来一扳 手，在厨房里对着椅子敲敲打打，说是学爷爷修椅子。我说:你个小屁孩，这是你该拿的东西吗？万一砸到了手怎么办？说完想要从他手里拿过扳手，结果这臭小子为了躲避，把扳 手往别处使劲一扔。duang～～消 毒 柜被砸出了一个大洞……
['西营村妇联主任'],26,,,231,,评论笑尿了！
['逍遥帮主阿紫'],18,,,246,,我是一名高中生，今天月考。这个月学的不好，好多题答不出来，于是偷偷手机搜答案，本来想上百度，一不小心按到酷狗音乐上了，你能想象一下在那么安静的考场里传出来一句哈喽酷狗的声音么，被罚的老惨了，还得回家叫家长。
['丁小野都有人抢'],27,,23,252,,介个，宝宝看不懂
['夜很长……心很凉！'],28,看到你的帖子我又相信了爱情。谢谢你[大哭][大哭][大哭][大哭],22,1487,,一男子临近结婚时，得了绝症，为了女友不受苦，决定跟她分手。 女友不仅不同意，还要快点结婚。 看到这里，我感动的流下泪来，男子资产过亿还有个对他不离不弃的女友，我想这就是幸福吧
['八二年的胡子哥'],36,卧槽，好刺激，话说一盒够不，不够我私人送你一盒，一盒10个噢，还送你三片男士延时湿巾哟,31,1362,,今天去集市上采买，回来前老板娘让我给她捎支口红，怕弄丢了，就顺手放大衣口袋里了。采买回来还没进门就碰上老板娘了，问我要口红，我手上提着都是东西，就让她自己伸手拿下。谁知道她掏口红竟然连口袋里老板托我买的小雨衣也给掏出来了，一脸坏笑的看着我说:“死相，好讨厌啊～原来你有这心思啊，那晚上大棚里我等你啊……”
['叮叮那个铛'],0,,,230,,一群人坐在院子里玩，姐姐用手指一个个点过去说这是我的妈妈，这是我的爸爸，这是我的妹妹、这是我的婆婆，这是我的阿公，最后用手点了点自己说这是我的我[偷笑][偷笑]
['夲少姓〖劉〗'],27,,,235,,听说有蛇肉这么一道菜…
['崔允熙'],28,,4,109,,一切支离破碎
['明月几时有♂'],22,我怎么算的是48.8,7,614,,08年汶川地震，学校举行捐款，我问我妈要了100去捐款，中间去小卖部买了当时特别痴迷的游戏王卡包合集x5，以及辣条和一毛钱的那个袋装水。捐款的时候口袋里省46.8元，而且老板找给我的钱皱巴巴的很旧。到我捐钱的时候，我被莫名表扬了……因为大家要么交崭新的100元，要么就是整的50或者20元或者5元之类的。我交了3张皱巴巴的10块钱、2张五块钱.、6枚1元硬币、2张1元纸币、一枚五毛硬币，3枚一毛硬币。其实我都不想全交的，主要是一下子全掏出来了，不好意思拿回去了。然后我就被老师表扬说我拿出了自己存的零花钱，比别的同学问家里直接要来得棒……23333，然后这件事又一直被越传越厉害，之后又顺理成章的被学校表扬和当了升旗手…我没告诉我妈反正……就是很迷
['无书斋主'],40,据说楼主那晚过的很惨,24,1717,,昨天岳父和岳母吵架了，岳父来我家诉苦！画画一个劲的安慰她爸，要岳父理解岳母，岳父实在忍不住了:你们两母女都是一样的，理解理解，你们干嘛不理解我们呢？女人的贤惠没有一点，刁钻刻薄不学都会……画画顿时打住，我赶忙拿起酒杯:岳父老人家，你说得对，来喝酒喝酒……
['放屁成个调'],29,,,187,,我在练《你的样子》这首歌，我刚唱到，“我听到远处谁的声音。”就有人喊，“我TM让你别唱了！”“。。。。”
['黃花大姑爺'],28,,,253,,😂😂這造假我也真是服了，中間是伍圓，下面是one dollar
['卖小男孩的冰淇淋'],25,,23,276,,我的女神结婚了，心也碎了
['鑫爷six'],23,一、婚车为什么自己开。二、岳母为什么打你电话没打她女儿的电话。三、这狗。。哎。自己想吧。我实在说不出口。,27,1656,,开着婚车的我突然接到了岳母的电话，电话里岳母焦急地说：“停会车吧，它一直在追了你们…” 我刚停下车，哭得一脸妆花的老婆跑了下去，紧紧地抱住了它…那一刻，我彻底被它触动了…远处看到这一切的岳母声音也哽咽了：“这条狗是她养大的，所以她俩感情特别深，要不也让它一起陪嫁吧！”
['吻你眉间风か'],20,合伙将在旁边狂笑之汝揍了一顿,30,2771,,老爸和老妈吵架了，老妈还没做饭就怒气冲冲的出了门，一个小时之后他回来了，把一个装着各类烧烤啤酒的袋子放在了饭桌上，然后板着脸回房间了，我爸看到后心一下就软了，还有点心疼她，于是我爸对着我妈喊：”哎呀，这么好的老婆上哪找去啊！“ 随后将手伸进了那些装烧烤和啤酒的袋子中，然后抓到了一个仙人球....
['若水寒冰☆'],28,,,218,,食堂吃饭，看见小珍的餐盘里竟然打了个鸡爪，我:午餐就那么点时间你竟然还敢打鸡爪？多浪费时间！小珍理直气壮地回我:食堂就这一个肉菜还不兴让人吃了！
['挖鼻孔的老虎'],101,,3,273,,表弟刚工作不久，借给朋友两千，没了下文。昨晚他想发短信催，打完字又不好意思发送，叹了口气删掉，一会儿挠头、一会儿大口喝水、一会儿到厕所洗脸……舅妈一直静静坐着看，后来过去拍他肩膀：“谈恋爱了？”
['abc欧阳轩'],24,,10,170,,男：我有一个上亿的项目，做完全都是你的了，你做么？女：做
,,如果你还不道歉，那老鼠就是你的下场，大头小头一起剪！,,,,
['逍遥帮主阿紫'],18,然后公交车司机以危害社会安全为由把车开进了派出所，楼主被拘留五天并且五那两小偷关在了一间屋子[奸笑][奸笑][奸笑],130,9387,,说个今天热乎真事啊，今天下班早，妈妈让我去买菜顺便帮她买把菜刀。（家里的遁了）回来的公交上看见小偷在扒包，我秉着皮皮虾精神上去提醒了一下，谁知还有一个同伙上来要打我。虽然我一女流之辈，但气场不能输，我淡定的问了一句：带刀没有？俩小偷楞了说带刀干嘛。我机智的从袋子掏出菜刀说：老娘带了。然后人就跑了。全车大拇指。。
['似是故人来0153'],20,,,241,,试了一下，感觉很神奇
['花妖夫人'],16,,,220,,楼下在安装吊灯，我把菜刀都磨好了。
['喂你得翔掉了'],25,,60,411,,一次十岁儿子跟我要100零花钱，说要去买玩具，我没有给他。于是跟老婆商量了说中午出去吃饭给他补上，谁知道，我们刚一下车，对面走过来一漂亮MM，我正看得眼热时，儿子走上去就拉着别人的手，说：阿姨，你多久还会来我们家里玩啊，这周五我妈妈会出差。我：....谁知道，那女的来了句，到时候会给你爸爸打电话的...我转过头来看着身边的老婆，脸上的表情已经僵硬了。我：想死......
['包袱侠'],99,这个可以拍部电影了！,218,7879,,爷爷比柯南还厉害是种什么体验？
['蓝谷子'],25,我早已在广东一声声靓仔中迷失自我了,55,1292,,生在广东，长在广东，每次别人叫我靓女，绝不心虚，他们绝对是因为我的美貌才心甘情愿叫我靓女的，绝对是的，绝对是。。。
['觅食之狼'],21,,,249,,现在老板不好当！人工不好找……头两天，小老板和舍友说话说重了、舍友说不干了！老板说没有人？舍友说等两天可以！老板原以为“过两天、舍友气消了？这事就过去了！”刚才老板回来了、舍友和老板说“不干了！什么时候可以走？是明天从香港回来就可以走么？”刚才回房间＝舍友的上司正在苦口婆心的劝舍友留下来……
['老柴家的郡主'],86,普通发不飘准的大爷，是真的皮啊,9,420,,去收发室取快递，收发室的大爷找半天也没找到。问我:你是大jian（件）货还是小jian(件)货？看了一下手机短信说:大爷，我有很多jian(件)货。多jian啊，给你单独放一边了，真的好多jian(件)啊。
['人在旅途路在何方'],27,,2,149,,一听有人说宋仲基是太阳后裔，我就骄傲的说我是后羿的后裔。别问我为啥这么骄傲，毕竟中华上下五千年是有故事的。
['寒山宽洪'],48,是烘干的还是吸干的,26,1284,,这一生干的最后悔的事儿，就是不该跟闺蜜去新疆她们的家，还进她们的“晾房”玩，她在那里从小长大，习惯了，可我的葡萄干了！[大哭][大哭][大哭]
['娜时光*糗二哥'],37,小偷偷走拿走钱很正常吧,20,1365,,下班路上拣到一个包，等了两小时……失主是我的美女主管。刚才，她在微信上发了条：包包找到了，包里的钱不见了？我坦白的说，我是翻包看了，可是真的没有钱啊！不然我能傻等失主吗？
['浮华一梦清丫头'],99,,1,231,,这筷子是给什么人用的？
['番茄酱mua'],23,,,255,,买了个保温杯，保温效果特别好，前天倒得凉水今天还是凉的... ​​​
['海之民'],38,,4,130,,今天刚捕上来的。
['醉酒舞剑砍疯子.'],14,然后你被老总叫进去切磋切磋了？,51,2355,,公司今年效益不怎么好！前段时间上面放出风来，说是要裁员！我们每个人都倍感压力，最近正赶上金老爷子仙逝，为了表达我内心的惆怅，闲来无事就会在走廊里打一套83版《射雕英雄传》的降龙十八掌！今天老总突然找我谈话，语重心长对我说“小X，本来这次裁员应该有你的，不过我这几天在监控里看你每天都练降龙十八掌，看在你也是金老先生的武侠迷的份上，你以后努力好好工作吧！”我，，，，，
['猪蹄小丸子'],20,这小侄女有前途！~,38,3125,,…老妈换了新衣服，准备去参加婚礼，出门前问我“闺女，我这衣服好看不，，”玩游 戏的我抬头看了下说“好看好看，你穿这件衣服看着最少年轻了十岁。。”老妈乐的一朵花似的问侄女“妞妞，奶奶衣服漂亮不。。”侄女看着我妈一本正经的说“奶奶，我可不像某些人就爱拍马 屁，夸你衣服好看，，明明是奶奶长的年轻好看身材又好，什么衣服穿奶奶身上都好看。。”擦，小马 屁 精。。
['^O^（梦）^O^'],33,,,216,,邻居家有一女儿，20了。。不知割好还是不割好    家里条件不错，还有一妹妹上小学。初中毕业不想上学一直在家，几次想出去家里人不同意，怕被骗（就想在家等两年给说个婆家）18岁那年同意出去，自家亲戚带着（出门前特别交代别委屈自己，挣不挣钱无所谓 没钱给家里说 找对象要带家里让父母看看）出门两年，就最近真把男孩带家里了，女方家打听是个孤儿，一共给五万，别的都没了 女孩怀孕三月
['Patrick HSL'],25,,,199,,分享一下我遇到的一个客人，近两年这个客人一直在英国留学，，回国假期的时候，来的我们这。当时有一个表格要给客人填，当时客人问我:“这个表格要用中文填还是英文填啊”我:“中文填”客人:“哎呀怎么办？！我已经很久不写中文了，oh my god！！！！”我:“……”
['村里的希望~'],20,,30,2858,,今天逛街在路上看到一对小情侣吵架，吵得正激烈突然男的对女的说了一句话：你不要逼我出手，我疯起来连自己都打。说完甩手给自己两大嘴巴子，当时就把围观的镇住了，停了几秒钟，掌声雷动。
['歌歌哒f'],26,你搞错了，我很严肃的告诉你，是牛眼泪，别问我我怎么知道的，我研究抓女鬼大法好多年了？,32,1163,,小时候听见老人说：狗眼泪能看见看不见的东西，好奇就想试下，我来到大伯家看那，出生一到两月的小狗就想怎么才能把它弄哭呢？用打？刚把手伸出去，它就开始叫，于是另外两只大狗听见，一来就对着我就咬，最后狗没哭，我哭了。
['富贵人家8号技师'],18,,7,1206,,隔壁刚搬来一对小夫妇，男的成天骂女的，很难听，我还为女的感到不值， 有天又在骂，女的说：差不多行了，别骂个不停。 然后听到男的带着哭腔说：你他妈把我打成这样，我骂你怎么了…
['铁锤队长'],48,,,234,,戴着口罩，吐了口痰。
['处女情结的好先生'],24,,5,227,,有一位男士坐在一台最先进的豪华喷一射客机 ，突然肚子剧痛，要拉肚子…. 但所有的男士专用厕所都客满。但他实在憋不住了，于是跟空中小一姐拜托，让他用一下女生厕所。空中小一姐有点为难，但还是答应让他去上， 还很担心一再交待他不要碰任何东西，拉完肚子就赶快出来。于是他一阵慌乱进去女生厕所。当他拉完后，神情一阵轻松 …发现马桶旁有三个按钮，分别写著 HW、HA、ATR他很好奇;想想这么先进的厕所一定有什么特别之处，但又想起空中小一姐的叮咛 KK 。不过，还是很好奇，于是按了第1个写著 HW 钮 .咦!竟然从後面喷一出清洁屁屁的热水。好一棒!原来是 Hot Water 之意。他心想，真高级!连忙看第2个钮 … 写著HA 应该就是 Hot Air 罗!果然按下钮后，送来徐徐热风。真有意思!那第3个写著 ATR 到底是什么意思?于是他按下第三钮 .突然一阵剧痛 .$@#!* ，两眼发黑晕眩了过去.
['贵子说事'],23,,6,167,,不要挡住我女神的脸
['身正也怕影歪'],53,过了河的鼻涕味道美极啦！别说手纸，湿巾纸也不会让你擦哒！[奸笑],16,1505,,谁要再说孩子记性不好，我跟谁急！昨天下午隔壁四岁萌娃在我这里玩，玩着玩着要上厕所，然后我就拿原浆手纸帮他擦屁屁。出来就跟我老婆说：伯伯拿用过的纸帮他擦屁屁，老婆告诉他：那是新纸，专门擦屁屁用的。今早他又过来玩，可能是天气转凉，有点感冒，光流鼻涕，我给帮他拿纸擦，说什么也不让擦，都过河了也不让。嘴里一直说擦屁屁的纸不能擦鼻子。。
['才下眉头却上心头'],29,,56,1501,,我已经坚持一个月了不吃晚饭，誓要把体重减下去，昨晚老公去县城非要我带着孩子跟他出去玩一趟，到了县城没忍住吃了一个13块钱的布袋馍，一个月了才减了两斤，一夜回到解放前，顺便又加了一斤，我还能说什么，减肥路上障碍太多
['顺河人'],32,,,205,,这是跟谁学的……
['翻梵天之梦'],18,,2,239,,六年前他被女友甩了，因为工作不稳定。五年前他被女友甩了，因为没房。四年前他被女友甩了，因为没车。三年前他被女友甩了，因为穿着没品味。两年前他被女友甩了，因为不会家务。一年前他被女友甩了，因为不温柔。今年他英俊多金有房有车温柔体贴家务万能，还是被甩了。因为没人相信他不是同性恋。
['哔了狗的昵称'],25,,11,148,,我部门三精英。。。。
['夜很长……心很凉！'],28,烧人民币犯法的,57,1698,,表姐嫁给当地土豪，只要吵架就撕钞票，没过多久，富翁瞟一眼淡定说道：不怕胳膊酸你就撕，反正银行能兑残币，然后摔门而去。晚上回来惊呆了，一堆灰，表姐这脾气真是六亲不认啊！
['wawb99'],27,三胞胎男娃娃，恭喜恭喜,108,2733,,明天11.8号剖腹产手术，如果是小公主，双十一购物车全部买，如果又是男孩，购物车只能清空了...两个男娃伤不起了
['南九'],103,赶紧去各个废品站找啊！要不然你的饭碗不保了,5,308,,咯咯咯......单位后院有几个旧的公示牌，前段时间领导告诉我:小九，如果看到收废品的，把后院那几个公示牌卖了吧，扔着也是生锈。昨天终于看到收废品的了，我就喊过来让他去后院自己拿，没一会，收废品的来屋里跟我说就两个牌子。我说:我记得好几个来的！同事小周说:前几天我卖了一次了，可能那个收废品的没收那么多吧！我就告诉收废品的:剩下这两个卖你了，自己拿走吧！下午上班，主任在单位群里问:广告社新做两个公示牌，送来放后院了，你们谁看到没有...................
['小楼倚栏瞎侃'],39,,,205,,当年生儿子的时候，医生让老公去买巧克力，结果没等他回来我就生了，回来他看见她妈抱着宝宝，乐坏了！再看看手里的巧克力，回头傻傻对我说:你咋也不等等我。。。。。。护士在一边都笑疯了。。。。。。
['未经失恋不懂爱情'],26,,2,209,,今天吃货们在吃东西，由于楼主吃的太快，对话由此引发……楼主：“干的太快，怎么感觉没饱！”闺蜜：“你这就是猪八戒吃人参果……吃这么快，味都没尝到，还能饱？”楼主：“猪八戒能有姐这貌美如花嘛？再说干的快爽啊……”妈蛋、闺蜜全笑的趴地上去了……爽你妹……
['狸土豆大人'],99,少洗一件算一一件,34,1760,,天冷了，跟男友申请买件新毛衣，，，男友说：“买吧，买件兔毛的！” 网上商城搜索关键词‘兔毛’，顺口问男友：“为什么买兔毛的啊？” 男友回答：“因为我属兔子的啊，你穿着，能感受到我带给你的温暖。”  要不是看到商家温馨贴：此款毛衣为兔毛，不能手洗。   真被那家伙感动了…
['魔鬼的呢喃7'],28,能不拖欠工人工资的包工头就是好包工头,14,2476,,舅舅以前在工地做过包工头，一天取了十几万预备给工人发工资，快到工地的时候突然有人抢劫，舅舅直接喊了：抢劫啦！你们工资被抢啦！工人都听到我舅舅的喊声，立马工地里所有人都带上家伙，铁锤，钢钎等等全冲了出来！那个劫匪当场就跪地上动都不敢动了
['∞拖拖'],38,,,236,,"亲邀闺蜜一起逛街去。见她俩都背着双肩包，就提醒她俩，这种包在节假日人多的地方最好放在前面，在后面容易被偷。亲很快就把包放前面了。而她闺蜜没动。亲问她你不怕被偷吗？她闺蜜，""怕，但我胸大，背包放前面压着难受，你那飞机场放前和后都一样。”"
['嘿，请叫我多多'],88,,9,420,,啦啦啦啦，我唱着歌打开门，然后我进门就看到我爸端个碗，痛哭流涕，我腿都吓麻了，难道我爸放风让我去约会被我妈逮住了？我想了一秒，咣就跪下了！母上我错了，母亲大人:“……你干嘛，我就是芥末放多了，你爸吃不习惯”～
['咿，呀嘿'],20,,10,158,,谁说天使不能和魔鬼在一起我家的微笑天使萨摩耶就和藏獒在一起了
,,我有个邻居买了个外地老婆，刚开始来也是很久才洗一次澡，然后老公就打她，现在生活习惯跟我们一样了,59,1472,,妈的，老娘要疯了……！[生气了][生气了][生气了][生气了][生气了][生气了]自从9月份开学，同寝上铺的一个看似白白净净的妹子就没换过袜子，一双洗完后能坚持穿2星期再洗，晚上脱了扔鞋里，白天继续穿那种！她袜子上都是黑印，这些我都忍了，问题是她每次坐在上铺，脚还垂下来，而且上下床还tm踩着我的床……有一次我哭了，真的哭了，跟同寝另一个妹子闹着玩，她tm拿那个脚臭妹子的袜子摁我鼻子……
['哇！萌熊'],19,为毛要喝红牛,58,3759,,嫂子见红去产房待产，医生让我哥去买红牛，我哥想着这里这么多医生护士，买一箱不够喝，就扛了两箱去产房，结果被医生骂:你媳妇又不是牛，能喝这么多？
['雪上亦生花'],29,,,216,,刚回家就见到老婆正在揍儿子！一问之下，那小崽子发了个誓，是这样的：我如果说谎话了，我亲爸就不得好死……特么的，这样的儿子是不是亲生的？
['BARAT'],0,,,230,,老婆双11到了，我想买个笔记本电脑，一般就行。这怎么行，电脑必须买好的，你天天买电子产品都千儿八百，跟你说多少次，电子产品要买好的，三千块必须的。[大哭][大哭][大哭]
['洞庭花枪'],0,,3,159,,犀利哥～膜拜
['我是煮茶'],33,你班长挺准啊，这招叫隔山打牛吧,23,3253,,我小时候，出水 痘，待在家里，我妈看我快好了，就打电话给老师，让老师给我布置作业。于是，老师叫班长放学回家时把作业本拿给我。班长怕被传染，把我的作业本夹住石头，隔老远从窗户扔进来...然后，我妈又打电话给老师：“老师，您好！他还要再请假几天，头缝针了。”
['别在坟前唱凉凉'],29,君子报仇十年不晚，女人果然不能称之为君子，这才九年就报仇了,76,4739,,小表妹今天从新疆回来，老妈叫我在家好好招待她！回想上次她回来时才11岁，一眨眼都九年了。时间真快啊！这时有人敲门，估计是小表妹到了，谁知我一开门就是一记高鞭腿把我踢倒，我艹我确定是表妹，可为啥打我呢！正当我懵逼时听见她冷冷的说:知道我为啥学跆拳道吗？上次回来你扭我脸把我扭哭了！我:…………天道好轮回啊[笑哭][笑哭][笑哭][笑哭]
['L~~吕小布'],30,,,252,,媳妇哄儿子睡觉，说不让我打扰她们娘俩，我说没事，咱娘三一起睡，看来我儿子以后得管我叫大哥啦哈哈，有了孩子这智商明显短路
['蓬莱寺·朔珑'],18,,,196,,同学在实验室拿酒精灯玩，把我衣服烧了洞，我叫她赔，她不肯，她说：“你不是总把什么苍天饶过谁挂在嘴边吗？你就等着神给我报应吧！”我盯着她看了一会，把她外套拎起来从窗户扔了出去：“这神也太磨蹭了！让我等这么久！我还是自己动手吧！”
['食神之神'],36,,13,963,,带着孩子走路，等红灯。其他等红灯的人都在低头看手机。灯变绿了，那些人居然都还在看手机，都不知道灯绿了。我看不下去了，就喊了声：走吧！然后一帮人抬头看看，开始过马路。真是跟行尸走肉一样一样的
['黄山小妖'],25,良心司机点赞,124,12655,,上出租车我就大声说道：“师傅，去客运站...”司机师傅理都没理我，一直在对着车外从火车出口走出的人群喊道：“地铁左边一直走，去市里的右边走有大巴车...”我不耐烦的说道：“喂，喂，师傅，你是在这拉活还是指路？”师傅头都没回，淡定的说道：“姑娘，你是外地来的吧！我不在这指路，你们要走多少冤枉道，花多少冤枉钱，前面一直走，过一个红绿灯就是客运站了...”
['（驹迷）真的爱你'],19,事实证明，大耳朵愣再勤勉都没有用，跟不上大部队，只能被吊打！,17,1280,,昨天出早操迟到，蹲了一个早操，下定决心。明天一定早到今天果然第一个到，整个操场没一个人，月明星稀，秋风瑟瑟，冻得我差点打摆子等了20分钟还没人来，拿出手机一看，今天训练场地在篮球场，火急火燎跑过去，麻的，又是我最后一个到，又特么蹲了一早操
['王尼玛nonono'],18,,,106,,吃货的世界[笑哭][笑哭]
['该用户被永久封禁'],84,,,242,,一听到有些人说天天快递不好、速度慢，我就气不打一处来。你们了解天天快递吗？！有一次在网上买东西，它告诉我最晚6天后到。第3天中午，东西从杭州送到我所在的深圳市了，就是不派件，到了第6天才派送。天天快递是我见过的最守信用的公司！
['⊙ω⊙三蛋⊙ω⊙'],0,,2,202,,正在跟妈妈聊天看电视上说是植物园的花开了我们讲说去玩 割割  背景结束 妈妈说不去  我们问为什么  妈妈说植物园有屎  吓死宝宝了  植物园怎么会有屎呢  我们问哪里有啊 我们怎么没见过啊  妈妈说小树林里有  我问你去小树林干嘛  雷死人不偿命的我妈  给我说  我拉屎去啊  妈呀  我也真的是醉了
['萝卜她男人'],26,这是暗示楼主自己吧？,15,1009,,公司男多女少，每次招女的进公司，我们这帮男的就像饿虎扑食一样的上去了。这不上两天公司新来一个女财务，老板说这个挺好的怎么没人追？我招她进来的时候可是和她说公司单身男人挺多的……我小声的说道是挺多的，可是这个不是白菜这是南瓜没人拱……
['乖乖宝的胖子胖'],25,我竟然无言反驳,64,3443,,中国人过节啊，一到外国节日就开房，一到中国节日就开饭！
['单莼有罪℃'],25,,,234,,高中同学的婚礼。有个环节，是考新郎对新娘了解的程度。无非就是问新娘喜欢吃什么，喜欢的颜色，穿什么衣服。最后一个问题问新娘爱听什么歌，这哥们很配合，就说新娘最爱听他唱的歌。司仪就说那正好，你来一首吧。哥们稍微一顿，张嘴开始唱《十年》……唱了三句他自己感觉不对，司仪也反应过来了，直接就给他打断了…歌词：如果那两个字没有颤抖，我不会发现，我难受。怎么说出口，也不过是分手……
['洗澡的盐'],36,,,254,,哈哈，好形象
['时光依眷我心'],27,,12,225,,看照片是谁，
['我是煮茶'],33,被女老师一对一教育了一个多小时，，[惊呆了],46,4080,,我侄子数学不会，临近期中考试，老师怕他拖后腿，叫他放学后留下，单独教他。我侄子接受能力不好，老师第二天就叫我哥去，让我嫂子先把侄子接回去。意思是教会我哥，让我哥回家再教自己小孩。   老师给我哥上了一个小时课，我哥还是一问三不知，最后老师对我哥说：“算了，明天我还是给你儿子辅导吧，毕竟青出于蓝……”
['无书斋主'],40,哥们很实在啊，已经上升到深入日军腹地，折磨日货了😄,38,2980,,平时一哥们，说到日本车的时间，深痛恶绝，对哈韩哈日的人，恨不得揍一顿的那种……昨天遇见他，开了一辆广本，我还没问，他赶忙自己说:兄弟，别说我，这车是我老婆家送的，我老婆大阪的……兄弟，这等好事，怎么忘了我？？
['秀的拽，你不配'],99,,5,288,,儿子：粑粑，玩具掉沙发里去了，我拿不到，帮我拿出来一下……爸爸：你自己想办法拿出来……儿子：粑粑，你的父爱哪里去了？爸爸：…………好吧，我现在帮你拿出来。这个熊孩子，忍住了，没打[哀怨][哀怨][哀怨][哀怨]
,,男人都是大猪蹄子,,,,
,,,,,,
['【天悦】'],19,抄的时候认真点！我你他都拎不清！,29,1752,,小时候，家是农村的，家里条件非常差，别的小朋友家里物质条件都比我好，有一次期末考试前，妈妈为了鼓励我，和我说如果我考试考100分，就给我买一个足球⚽。那可是我做梦都想得到的啊！可是我既高兴又难过，考试的时候，他答题结束，经过反复检查，最终把一个正确的答案改成了错误的，成绩公布，我以99分获得了班级数学考试成绩第一名，但是我直到今天我已经有了自己的孩子，逛街每每看到体育用品店里的足球，我能说我想流泪吗……？有过类似经历的糗友留个脚印[大哭]
['神评湿'],73,好想法,7,1031,,马上就双十一了，每到这时候就是我生意最忙的时候!双十一之后我收到的废纸箱是平时的几百倍，想想就兴奋!
['春色撩人是情趣啊'],0,,1,226,,晚上跟猪猪先生兴冲冲地炫耀自己做平板支撑的成果，说好像都有一些腹肌了。于是宇宙大直男猪猪先生说，那你站好，绷住劲儿。我以为他是要摸摸我的腹肌，结果他伸出拳头给了我一拳。打完说还真是有点儿阻力了。TNND，别拦着我，我要滴滴众筹打人！这样的宇宙大直男怎么找到的女盆友，是道德的沦丧还是人性的扭曲，都不是，是我眼瞎[大哭][大哭][大哭]
['mingshifa'],0,,,210,,CNT...昨天坐公交车，一女带着女儿上了车，小女孩拿着一直柳条玩。上车后她妈妈说：“把柳条扔了吧，别玩了。”小孩就把柳条往车窗玻璃缝里塞........她妈妈：这扔不出去，有橡胶密封的。小孩：啊？香蕉蜜蜂？....像香蕉一样的蜜蜂吗？……蜜蜂吗……
['我主動'],26,,4,166,,这个可以过吗？
['飞漠刀影!'],25,楞啥，赶紧解释啊,34,2205,,到汉口北跟一客 户核 对 合 同，等公交时，一阵风过来，我抽烟的烟灰飞到旁边的丝袜美女头发上了，我用嘴 吹没吹掉就伸手去拂，美女白了我一眼，走开了，到地方后刚把合同递给客户，那丝袜美女竟然进来了，瞄了我一眼对客户说：老公，跟你签合同的就是这个臭 流 氓?
['吃了两碗又盛'],39,冻的嘴巴不听大脑指挥，能省一个字就省一个字了，，,23,1535,,忘穿保暖内衣了，我咬着牙控制着身体的抖动，说：太冷了，不穿内衣就是不行。哥们上下看看我说：还差那点布？
['无书斋主'],40,,7,329,,记得我上小学二年级的时间，哥给我一支钢笔，那时的钢笔，很难得，我藏在文具盒不舍得用，可是，它还是丢了……三年级时，我在一个大我四岁的同学书包里发现了这支笔，我想要回来，但是又怕他打，于是我偷偷的拿了回来……就这样，我变成了偷笔的贼，同学们都躲我远远的，但是，我知道这是我自己的笔，我理直气壮，同学们藐视我，我也漠然……他终于忍不住，在回家路上挡住了我，来抢我的这支钢笔，我问他:我的笔，在我书包里不见了，变成了你的笔？我拿回来倒变成了我是贼？你丑不丑？他举起👊拳头，我撒腿就跑……突然遇见一堵墙，抬头是他爸……第二天他爸给我送来一支一模一样的钢笔……同学们知道的是他笔在家，他爸用了几天，我又拥有了同学们的友谊……后来长大了，他爸告诉我:我那支笔，是他花两块钱在我堂弟手上买的……
['番茄酱mua'],23,,1,219,,吃火锅的时候一定要有节制，像肥牛、羊肉、毛肚、鱿鱼这类的肉食尽量少吃，吃的太多的话很容易结不起帐。 ​​​
['维灬灬'],20,,8,244,,为了保护这一棵树，却牺牲了更多的其他树木
['吃了两碗又盛'],39,你俩把他打一顿,49,7105,,小时候在我姑家的村子度暑假，有一天跟同龄的小伙伴打起来了，表弟出来看见了，转身就往回跑，然后拿个小喇叭出来说:你俩一个是我堂哥，一个是我表哥，我不能只帮一个，我给你们加油！说完他滴滴哒哒吹了起来。那一架，打的一点都不严肃
['地久有多久i'],28,从此楼主再也不举了,59,2995,,女友一直喜欢短发，英姿飒爽，帅气迷人，然而我对长发情有独钟，一直对她软磨硬泡，要她留长发，终于她耐不住我的各种规劝留了披肩长发……然而，当我我昨晚按耐不住亲热时从第一次从她背后拽她头发时，还没有体验其中的各种滋味就被她一脚踹下了床……
['神评湿'],73,分享了糗事,7,335,,儿子说今天的造句练习老师让他上讲台念了，有个造的特别好。我和媳妇赶紧翻出他的本子看:”我的妈妈很美丽，又高又矮又胖又瘦。”哈哈哈哈哈哈……“我的爸爸犯错了，又哭又闹又叫又跳。”下面老师评语:爸爸真可爱啊！怪不得今天接孩子女老师看着我一个劲的笑，我的光辉形象啊……
['经济生活服务'],0,,,226,,"以后查寝查出""禁止女装""四字，扣100分"
['叶子过河全靠浪劲'],28,,5,123,,去了博物馆才发现自己的知识是那么少，就这一篇书法认识，大伙还记得不
['尛尛槑'],31,纯洁的剁手党，只知买买买,30,1262,,新认识一女孩儿，自我介绍时我说我开了一皮包公司，女孩儿马上和我热聊起来了。初次见面有什么想要的我送你做礼物。你们的包包好看吗？我最喜欢包包了，可不可以送我包包……[捂脸][捂脸]
['半截烟云'],100,我还能说点什么呢？我只能说糗币我也比你多……,24,1522,,几个好友在群里聊天，大家都在说自己的钱袋有多少零钱。小茜:“我就只有这么多了，二十九块。”我:“小茜比我多一点，我正好二十六块。”阿楠:“切，就你们这么点钱也好意思拿出来显摆，我比你们多的多，我骄傲了吗！”我:“哟，口气这么大，那你说说你有多少？”阿楠:“四千糗币……”
['拾克土'],0,,,212,,有个妹纸坐在咖啡馆中，点了杯奶昔咖啡，坐着差不多一天了。我一直都在留意她，长得挺漂亮的，有着楚楚可怜的神情，偶尔拭着眼泪，不时又眉开眼笑。经过一天观察，我想妹纸是不是失恋了，这时在回忆伤心往事才这模样，哪岂不是我可以趁虚而入；我大胆鼓起勇气坐到妹纸的对面，跟妹纸说了声hi，你好。妹纸说了句，麻烦不要打扰我，嗓音一出真把我吓尿，哪分明是虎妈的声音。
,,,,,,
['最爱的你~'],24,,9,111,,每次伤心都只能看这坨，没有一个人心疼，看来注定只有这坨陪我到最后，呵呵有钱的时候朋友认识你，没钱的时候你重新认识了朋友～宝宝心里难受，但宝宝不说
['半截烟云'],100,我到底画得有多夸张……,47,2536,,去相亲，相亲男一见到我就问:你也跟别人一样过万圣节吗？我:没有啊，万圣节跟我没关系，我才不过。相亲男:既然不过，为啥还学别人化这样的妆？我尴了个尬: 那个，这是我第一次化妆……
['拈花·染轻烟う'],27,正因为没人买才开了这个号码，你买了肯定换号了,83,2779,,有个买 福 彩 的习惯，期期 买十块钱的。不奢求大 奖，算是做个福 利吧。有组号码跟了几十期了，昨天有事并且下雨就没去买，结果这组号码居然开出了二等奖。现在，我只想静静！
['YY龙爷'],25,,2,240,,武汉的活结们都注意了：以后坐710、715、596、608、806、905、64外环、64内环、10、18、607、503、507、401、402、411、413、537、556、722、电车1路、电车4路、542、554、61、728、701、703、706、584、561、202、653谁要是敢和司机吵架，全车人揍它……因为这几路公交车都过江……
['夲少姓〖劉〗'],27,,,256,,安全出口 谁敢走？
['眼镜，眼镜，眼镜'],27,,13,311,,～～～～～
